CustomerID,Age,TypeofContact,CityTier,DurationOfPitch,Occupation,Gender,NumberOfPersonVisiting,NumberOfFollowups,ProductPitched,PreferredPropertyStar,MaritalStatus,NumberOfTrips,Passport,PitchSatisfactionScore,OwnCar,NumberOfChildrenVisiting,Designation,MonthlyIncome,ProdTaken
200000,41,Enquiry,3,6,Salaried,Female,3,3,Deluxe,3,Single,1,1,2,1,0,Manager,20993,1
200001,49,Company Invited,1,14,Salaried,Male,3,4,Deluxe,4,Divorced,2,0,3,1,2,Manager,20130,0
200002,37,Enquiry,1,8,Free Lancer,Male,3,4,Basic,3,Single,7,1,3,0,0,Executive,17090,1
200003,33,Company Invited,1,9,Salaried,Female,2,3,Basic,3,Divorced,2,1,5,1,1,Executive,17909,0
200004,,Enquiry,1,8,SmallBusiness,Male,2,3,Basic,4,Divorced,1,0,5,1,0,Executive,18468,0
200005,32,Company Invited,1,8,Salaried,Male,3,3,Basic,3,Single,1,0,5,1,1,Executive,18068,0
200006,59,Enquiry,1,9,SmallBusiness,Female,2,2,Basic,5,Divorced,5,1,2,1,1,Executive,17670,0
200007,30,Enquiry,1,30,Salaried,Male,3,3,Basic,3,Married,2,0,2,0,1,Executive,17693,0
200008,38,Company Invited,1,29,Salaried,Male,2,4,Standard,3,Unmarried,1,0,3,0,0,Senior Manager,24526,0
200009,36,Enquiry,1,33,SmallBusiness,Male,3,3,Deluxe,3,Divorced,7,0,3,1,0,Manager,20237,0
200010,35,Enquiry,1,22,SmallBusiness,Male,2,2,Basic,4,Divorced,1,0,3,1,1,Executive,17426,0
200011,,Enquiry,1,21,Salaried,Female,2,4,Deluxe,3,Single,1,1,3,0,0,Manager,,0
200012,31,Enquiry,1,32,Salaried,Male,2,3,Basic,3,Married,2,0,3,0,1,Executive,17911,0
200013,34,Enquiry,1,25,SmallBusiness,Male,3,3,Basic,3,Married,1,0,3,0,2,Executive,17661,0
200014,28,Enquiry,1,30,Salaried,Male,2,4,Basic,3,Single,6,1,2,0,0,Executive,17028,1
200015,29,Enquiry,1,27,Salaried,Female,2,2,Standard,5,Married,2,0,5,1,1,Senior Manager,24980,0
200016,32,Enquiry,1,11,Salaried,Male,3,2,Basic,4,Married,1,1,2,1,0,Executive,18298,0
200017,22,Company Invited,1,22,SmallBusiness,Male,3,2,Basic,3,Married,2,1,3,0,0,Executive,17935,0
200018,53,Enquiry,3,8,Salaried,Female,3,4,Super Deluxe,3,Divorced,3,0,3,1,0,AVP,30427,0
200019,,Enquiry,1,8,Salaried,Male,2,3,Basic,3,Single,6,1,4,0,1,Executive,,0
200020,,Company Invited,1,17,Salaried,Female,3,2,Deluxe,3,Married,1,0,3,1,2,Manager,,0
200021,,Enquiry,3,15,Salaried,Male,2,4,Deluxe,5,Single,1,0,2,0,0,Manager,18407,1
200022,34,Enquiry,1,13,Salaried,Fe Male,2,3,Standard,4,Unmarried,1,0,3,1,0,Senior Manager,26994,0
200023,21,Enquiry,1,21,Salaried,Male,3,3,Basic,3,Single,2,0,3,1,1,Executive,16232,0
200024,34,Enquiry,1,12,SmallBusiness,Male,2,3,Basic,5,Single,3,0,2,1,1,Executive,17960,1
200025,53,Enquiry,1,11,Salaried,Female,2,3,King,3,Married,5,0,5,0,1,VP,34094,0
200026,,Company Invited,1,22,Salaried,Female,3,5,Basic,5,Single,2,1,4,1,2,Executive,,1
200027,42,Enquiry,3,14,SmallBusiness,Male,2,3,Deluxe,4,Divorced,1,0,3,0,1,Manager,21825,0
200028,44,Enquiry,1,13,SmallBusiness,Female,2,4,Standard,3,Divorced,4,0,4,1,0,Senior Manager,25248,0
200029,46,Enquiry,3,8,SmallBusiness,Female,2,3,King,5,Single,4,0,2,0,1,VP,33947,0
200030,33,Enquiry,1,8,SmallBusiness,Male,3,3,Basic,3,Single,5,0,3,1,2,Executive,17496,0
200031,44,Enquiry,1,16,Salaried,Male,2,3,Deluxe,3,Divorced,3,1,3,1,1,Manager,21465,0
200032,30,Enquiry,1,15,SmallBusiness,Male,2,4,Basic,3,Single,2,0,4,1,1,Executive,17206,0
200033,39,Enquiry,3,11,Large Business,Male,2,3,Deluxe,3,Divorced,4,0,2,0,1,Manager,17086,1
200034,24,Enquiry,1,6,SmallBusiness,Male,3,3,Basic,3,Divorced,3,1,3,1,2,Executive,17293,1
200035,43,Enquiry,1,8,SmallBusiness,Female,3,2,Basic,3,Married,2,0,2,0,1,Executive,17645,0
200036,50,Enquiry,3,9,SmallBusiness,Male,2,4,Basic,3,Divorced,2,1,4,0,0,Executive,17683,1
200037,35,Enquiry,3,8,SmallBusiness,Female,3,3,Basic,3,Divorced,2,0,2,1,0,Executive,17014,0
200038,36,Enquiry,1,11,Salaried,Female,2,4,Basic,,Divorced,1,1,2,1,0,Executive,95000,0
200039,33,Company Invited,3,6,Salaried,Female,2,2,Deluxe,5,Divorced,3,0,3,1,0,Manager,20376,0
200040,35,Enquiry,1,10,Salaried,Male,3,3,Basic,3,Married,2,0,4,0,0,Executive,16951,0
200041,27,Enquiry,1,8,Salaried,Female,2,3,Basic,5,Married,2,0,3,0,1,Executive,17341,0
200042,26,Enquiry,1,31,Salaried,Male,2,5,Basic,3,Single,2,0,2,1,1,Executive,17293,1
200043,27,Company Invited,3,14,Salaried,Male,2,3,Standard,3,Unmarried,2,0,2,1,0,Senior Manager,23726,0
200044,,Company Invited,1,6,SmallBusiness,Female,2,3,Deluxe,3,Single,2,0,3,1,0,Manager,,0
200045,41,Enquiry,1,18,Large Business,Female,2,3,King,3,Divorced,2,0,4,1,0,VP,34545,1
200046,34,Company Invited,3,,SmallBusiness,Male,3,3,Deluxe,3,Single,1,0,5,1,1,Manager,19568,0
200047,37,Enquiry,1,25,Salaried,Male,3,3,Basic,4,Divorced,5,0,4,1,1,Executive,18022,0
200048,46,Company Invited,3,11,SmallBusiness,Male,3,3,Deluxe,3,Single,5,1,5,1,1,Manager,20772,0
200049,35,Enquiry,1,14,Salaried,Male,2,2,Basic,3,Divorced,2,0,5,1,1,Executive,17269,0
200050,48,Enquiry,1,6,Salaried,Male,3,4,Standard,3,Single,1,1,5,0,2,Senior Manager,20381,1
200051,,Enquiry,1,11,Large Business,Male,2,3,Basic,3,Single,2,1,2,1,0,Executive,18441,1
200052,44,Enquiry,3,6,SmallBusiness,Female,3,3,Deluxe,5,Married,6,1,2,0,0,Manager,20454,0
200053,35,Company Invited,1,17,SmallBusiness,Male,3,4,Standard,5,Divorced,3,1,5,1,1,Senior Manager,24884,0
200054,,Enquiry,3,29,SmallBusiness,Female,2,4,Deluxe,3,Divorced,1,1,2,1,0,Manager,,0
200055,33,Company Invited,1,6,Salaried,Fe Male,3,3,Standard,3,Unmarried,2,1,2,1,0,Senior Manager,28458,0
200056,35,Company Invited,3,24,Salaried,Male,3,3,Standard,5,Divorced,2,0,4,1,0,Senior Manager,24069,0
200057,,Enquiry,1,29,SmallBusiness,Female,1,3,Basic,5,Divorced,4,1,4,1,0,Executive,,0
200058,31,Enquiry,1,13,Salaried,Male,2,3,Deluxe,3,Married,4,0,3,1,0,Manager,20915,0
200059,37,Enquiry,1,6,Salaried,Male,2,4,Deluxe,3,Married,2,0,5,1,1,Manager,20993,0
200060,32,Enquiry,1,6,SmallBusiness,Male,2,3,Deluxe,3,Divorced,2,1,4,1,0,Manager,21162,0
200061,38,Company Invited,1,35,Salaried,Female,2,3,Deluxe,3,Single,2,0,3,1,0,Manager,17406,0
200062,50,Enquiry,1,13,SmallBusiness,Female,2,4,King,3,Married,6,1,4,1,1,VP,33740,0
200063,59,Enquiry,3,31,Salaried,Female,2,3,Standard,5,Unmarried,1,0,3,1,0,Senior Manager,22637,0
200064,36,Enquiry,1,14,Large Business,Female,2,3,Standard,3,Married,2,0,4,1,1,Senior Manager,25096,0
200065,55,Enquiry,1,14,SmallBusiness,Female,2,3,Super Deluxe,3,Married,3,1,3,0,1,AVP,29756,0
200066,36,Company Invited,1,17,Salaried,Male,3,4,Deluxe,4,Unmarried,2,0,4,1,1,Manager,21499,0
200067,45,Enquiry,1,13,Salaried,Male,2,3,Standard,5,Married,3,0,3,1,1,Senior Manager,24724,0
200068,35,Company Invited,1,6,SmallBusiness,Male,3,3,Basic,5,Divorced,5,0,2,0,1,Executive,17194,0
200069,,Enquiry,1,15,SmallBusiness,Male,3,4,Basic,3,Divorced,1,1,2,0,1,Executive,18388,1
200070,59,Company Invited,3,6,Salaried,Female,2,4,Deluxe,3,Single,1,0,5,1,1,Manager,20473,0
200071,29,Enquiry,1,8,Salaried,Male,3,3,Basic,4,Divorced,1,0,4,0,0,Executive,17703,0
200072,31,Enquiry,1,6,SmallBusiness,Male,2,3,Basic,4,Single,2,0,3,0,0,Executive,17501,0
200073,32,Enquiry,1,6,Salaried,Male,3,3,Deluxe,4,Divorced,2,0,3,0,0,Manager,21220,0
200074,36,Enquiry,1,12,Salaried,Female,2,2,Deluxe,3,Divorced,4,0,2,0,0,Manager,18038,0
200075,31,Enquiry,1,,Salaried,Female,3,3,Deluxe,3,Single,2,0,5,0,1,Manager,,0
200076,35,Enquiry,3,,SmallBusiness,Male,2,4,Deluxe,5,Single,1,0,2,0,1,Manager,,0
200077,45,Enquiry,1,12,Salaried,Male,2,3,Standard,5,Divorced,5,1,3,0,0,Senior Manager,28245,0
200078,37,Enquiry,1,13,SmallBusiness,Male,1,3,Standard,3,Single,5,0,2,0,0,Senior Manager,28664,0
200079,46,Enquiry,2,11,SmallBusiness,Male,3,,Deluxe,4,Married,1,1,5,0,1,Manager,20021,0
200080,30,Enquiry,1,6,Salaried,Male,2,4,Deluxe,3,Divorced,2,1,2,1,1,Manager,20126,0
200081,35,Enquiry,1,6,SmallBusiness,Male,1,4,Basic,3,Single,2,0,4,1,0,Executive,17859,0
200082,55,Enquiry,3,6,Salaried,Male,3,3,Standard,3,Divorced,4,0,2,0,1,Senior Manager,25239,0
200083,38,Company Invited,1,12,SmallBusiness,Female,3,5,Deluxe,3,Married,1,1,2,0,2,Manager,20329,0
200084,34,Enquiry,1,,SmallBusiness,Male,3,3,Deluxe,4,Divorced,2,0,5,0,0,Manager,,0
200085,56,Enquiry,1,13,Salaried,Male,2,5,Standard,3,Unmarried,5,0,2,0,0,Senior Manager,22260,0
200086,23,Enquiry,3,8,Large Business,Male,3,3,Basic,5,Married,4,0,3,1,1,Executive,17322,0
200087,51,Enquiry,1,15,Salaried,Male,3,3,Basic,3,Divorced,4,0,3,1,0,Executive,17075,0
200088,,Enquiry,1,8,Salaried,Male,2,4,Deluxe,3,Divorced,2,0,4,1,0,Manager,,0
200089,46,Enquiry,3,15,SmallBusiness,Male,3,4,Standard,3,Unmarried,2,0,5,0,1,Senior Manager,24619,1
200090,40,Company Invited,1,6,Salaried,Male,3,4,Super Deluxe,4,Divorced,2,0,2,1,2,AVP,28503,0
200091,51,Enquiry,3,27,SmallBusiness,Male,3,3,Deluxe,3,Single,1,1,5,1,1,Manager,20441,0
200092,30,Enquiry,3,10,SmallBusiness,Female,3,4,Deluxe,4,Married,2,1,3,1,1,Manager,20209,0
200093,46,Company Invited,1,6,SmallBusiness,Male,2,4,Standard,5,Divorced,3,1,2,1,1,Senior Manager,25673,0
200094,32,Enquiry,3,12,SmallBusiness,Male,2,,Deluxe,3,Single,2,0,5,1,0,Manager,20010,0
200095,54,Enquiry,1,8,Large Business,Female,2,3,Standard,3,Divorced,1,0,4,1,0,Senior Manager,28549,0
200096,24,Enquiry,3,9,Salaried,Female,2,,Deluxe,3,Divorced,1,0,4,1,0,Manager,19999,0
200097,,Company Invited,3,10,SmallBusiness,Male,2,3,Deluxe,3,Divorced,2,0,2,1,0,Manager,,0
200098,58,Enquiry,3,16,SmallBusiness,Male,2,3,Super Deluxe,3,Single,1,0,3,1,1,AVP,28872,0
200099,44,Company Invited,1,29,SmallBusiness,Male,3,3,Deluxe,4,Divorced,5,0,3,1,0,Manager,17042,0
200100,37,Enquiry,2,12,Salaried,Male,3,3,Basic,5,Married,5,1,2,1,0,Executive,17073,1
200101,32,Enquiry,1,6,Salaried,Male,3,3,Basic,5,Single,2,0,2,0,2,Executive,17956,0
200102,20,Company Invited,1,12,Salaried,Female,3,4,Basic,3,Single,2,1,2,1,1,Executive,17926,1
200103,34,Enquiry,1,,Salaried,Female,2,3,Deluxe,3,Single,2,0,3,1,0,Manager,19809,0
200104,37,Company Invited,1,8,Salaried,Male,3,4,Deluxe,3,Married,6,0,2,0,1,Manager,20163,0
200105,59,Company Invited,2,8,Salaried,Female,2,4,King,3,Divorced,1,0,2,1,1,VP,33844,0
200106,50,Company Invited,1,6,Salaried,Female,3,3,King,4,Divorced,4,1,2,0,2,VP,33172,0
200107,25,Enquiry,3,11,SmallBusiness,Male,2,4,Deluxe,3,Single,2,1,3,1,0,Manager,20744,1
200108,25,Enquiry,1,13,SmallBusiness,Male,3,4,Basic,3,Divorced,2,0,2,1,2,Executive,17889,0
200109,22,Enquiry,1,21,SmallBusiness,Female,2,3,Basic,3,Single,2,0,2,1,1,Executive,17871,0
200110,51,Company Invited,1,6,SmallBusiness,Female,1,4,Standard,5,Unmarried,4,0,2,1,0,Senior Manager,22484,0
200111,34,Company Invited,1,13,Salaried,Male,3,5,Deluxe,3,Single,2,1,5,1,1,Manager,21074,1
200112,54,Company Invited,2,32,Salaried,Female,1,2,Super Deluxe,3,Single,3,1,3,1,0,AVP,32328,0
200113,24,Enquiry,1,24,Salaried,Male,2,3,Basic,3,Divorced,1,0,4,1,0,Executive,17774,0
200114,34,Enquiry,1,,Salaried,Female,2,4,Deluxe,4,Married,7,0,3,0,1,Manager,19505,0
200115,37,Enquiry,3,9,Salaried,Male,2,3,Standard,3,Unmarried,3,0,3,0,0,Senior Manager,22428,0
200116,34,Enquiry,1,11,SmallBusiness,Fe Male,2,4,Standard,5,Unmarried,3,0,2,0,0,Senior Manager,26631,0
200117,36,Company Invited,3,17,Large Business,Female,3,3,Standard,3,Divorced,1,0,5,0,0,Senior Manager,24738,0
200118,36,Enquiry,1,9,Salaried,Female,2,3,Basic,3,Married,6,0,2,1,0,Executive,17835,0
200119,43,Company Invited,3,32,Salaried,Male,3,3,Super Deluxe,3,Divorced,2,1,2,0,0,AVP,31959,0
200120,30,Company Invited,1,29,Salaried,Male,3,5,Basic,3,Married,2,0,3,1,2,Executive,17613,0
200121,33,Company Invited,3,28,SmallBusiness,Male,3,3,Deluxe,4,Divorced,1,0,2,0,1,Manager,21146,0
200122,56,Enquiry,1,20,Salaried,Female,3,,Basic,4,Divorced,1,1,5,1,1,Executive,19963,1
200123,51,Enquiry,1,12,Salaried,Male,2,3,King,3,Single,1,0,5,1,0,VP,34537,0
200124,31,Enquiry,3,12,Salaried,Male,3,5,Deluxe,3,Divorced,5,1,3,1,1,Manager,21172,1
200125,26,Enquiry,1,12,Salaried,Female,2,4,Basic,4,Divorced,2,0,3,1,0,Executive,17368,0
200126,58,Enquiry,1,29,SmallBusiness,Female,3,3,Standard,3,Divorced,2,0,3,1,0,Senior Manager,25312,1
200127,19,Enquiry,3,28,SmallBusiness,Male,2,3,Basic,3,Single,2,1,2,0,1,Executive,16675,1
200128,22,Enquiry,1,8,Large Business,Male,3,3,Basic,3,Divorced,1,0,5,1,2,Executive,17523,0
200129,49,Enquiry,1,26,SmallBusiness,Female,3,3,Deluxe,5,Divorced,2,0,2,1,2,Manager,21567,0
200130,43,Company Invited,1,,SmallBusiness,Female,3,2,Basic,3,Single,5,0,3,0,2,Executive,19739,0
200131,50,Company Invited,3,18,SmallBusiness,Fe Male,3,3,Standard,3,Unmarried,5,0,5,0,0,Senior Manager,24208,0
200132,31,Enquiry,3,,Salaried,Female,3,5,Deluxe,3,Divorced,4,1,3,1,0,Manager,19559,1
200133,41,Enquiry,3,15,Salaried,Male,3,3,Standard,3,Married,4,1,2,0,1,Senior Manager,23189,0
200134,26,Enquiry,2,31,Salaried,Female,3,3,Basic,3,Divorced,2,0,4,1,0,Executive,17942,0
200135,36,Enquiry,1,12,SmallBusiness,Male,2,,Deluxe,4,Married,7,0,4,1,1,Manager,19941,0
200136,51,Company Invited,1,14,Salaried,Male,2,5,Standard,3,Unmarried,3,0,2,0,1,Senior Manager,25650,1
200137,39,Enquiry,3,10,Salaried,Female,2,4,Deluxe,3,Divorced,5,0,5,1,0,Manager,20902,0
200138,25,Enquiry,3,34,Salaried,Male,2,4,Deluxe,3,Divorced,3,0,4,0,0,Manager,23639,0
200139,30,Enquiry,2,15,Salaried,Male,2,3,Deluxe,3,Divorced,1,1,3,1,1,Manager,21347,0
200140,,Enquiry,1,15,SmallBusiness,Female,2,3,Basic,5,Single,1,0,4,1,1,Executive,,1
200141,,Enquiry,1,35,SmallBusiness,Male,2,3,Basic,3,Single,6,0,2,1,0,Executive,18452,0
200142,38,Enquiry,1,9,Large Business,Female,2,3,Deluxe,3,Single,4,1,5,0,0,Manager,1000,0
200143,30,Enquiry,1,24,Salaried,Female,3,3,Basic,3,Single,2,0,2,1,0,Executive,17632,0
200144,32,Company Invited,3,,SmallBusiness,Male,2,5,Deluxe,3,Married,1,0,2,0,1,Manager,19668,0
200145,30,Enquiry,1,11,Large Business,Female,2,3,Basic,5,Married,6,0,5,1,1,Executive,18204,0
200146,30,Enquiry,1,8,SmallBusiness,Male,2,4,Basic,3,Single,1,0,4,0,0,Executive,17720,0
200147,41,Company Invited,1,16,Salaried,Male,3,4,Super Deluxe,5,Married,5,0,2,1,0,AVP,32181,0
200148,41,Enquiry,1,15,Salaried,Male,3,3,Basic,5,Divorced,3,0,2,0,2,Executive,17238,0
200149,19,Enquiry,1,9,SmallBusiness,Female,3,3,Basic,4,Single,2,0,3,1,2,Executive,16483,0
200150,40,Company Invited,1,32,SmallBusiness,Female,2,3,Deluxe,4,Married,2,0,2,1,0,Manager,20605,0
200151,35,Enquiry,3,6,SmallBusiness,Male,3,3,Standard,4,Divorced,2,0,4,1,2,Senior Manager,22295,0
200152,53,Enquiry,3,12,SmallBusiness,Male,2,3,Deluxe,3,Divorced,3,1,5,0,0,Manager,17306,0
200153,45,Enquiry,1,15,Salaried,Male,2,3,Deluxe,4,Married,1,0,4,1,0,Manager,17348,0
200154,32,Company Invited,3,14,SmallBusiness,Fe Male,2,3,Standard,3,Unmarried,2,0,4,1,1,Senior Manager,23998,0
200155,29,Company Invited,1,,Large Business,Male,2,3,Deluxe,3,Divorced,2,0,3,0,1,Manager,,0
200156,51,Enquiry,1,13,SmallBusiness,Male,2,4,Deluxe,3,Divorced,3,0,3,1,1,Manager,21132,0
200157,58,Enquiry,1,15,SmallBusiness,Female,3,4,Basic,4,Divorced,5,1,2,1,0,Executive,18346,0
200158,40,Enquiry,3,10,SmallBusiness,Male,3,4,Standard,3,Divorced,1,0,2,1,0,Senior Manager,25855,0
200159,34,Company Invited,3,8,SmallBusiness,Female,3,3,Basic,3,Divorced,7,0,5,1,2,Executive,17231,0
200160,22,Enquiry,1,25,SmallBusiness,Male,3,3,Basic,3,Divorced,2,0,2,0,1,Executive,17323,0
200161,27,Company Invited,1,15,SmallBusiness,Male,2,3,Basic,4,Married,7,0,3,0,0,Executive,17024,0
200162,28,Enquiry,1,27,SmallBusiness,Male,2,3,Basic,3,Divorced,2,0,2,0,0,Executive,17713,0
200163,57,Enquiry,1,30,Salaried,Male,2,2,Standard,3,Married,4,1,4,1,1,Senior Manager,24439,0
200164,27,Company Invited,1,9,SmallBusiness,Male,3,4,Basic,3,Married,2,1,2,0,2,Executive,17566,0
200165,50,Enquiry,1,17,Salaried,Female,2,3,King,4,Single,4,0,5,1,,VP,34926,0
200166,41,Enquiry,1,20,Salaried,Male,2,3,Basic,3,Married,5,0,4,1,1,Executive,17451,0
200167,30,Enquiry,3,11,Salaried,Female,2,3,Standard,3,Divorced,3,0,4,1,1,Senior Manager,24419,0
200168,38,Enquiry,3,6,Salaried,Fe Male,2,4,Deluxe,3,Unmarried,5,0,2,1,1,Manager,23686,0
200169,32,Enquiry,1,12,Salaried,Male,2,3,Basic,3,Single,4,0,2,0,1,Executive,18038,0
200170,27,Enquiry,1,23,Large Business,Male,2,3,Basic,4,Divorced,1,1,4,1,0,Executive,18058,0
200171,19,Company Invited,3,6,Large Business,Female,3,5,Basic,5,Single,1,0,3,1,1,Executive,17325,1
200172,36,Company Invited,1,9,SmallBusiness,Male,1,3,Basic,4,Single,5,0,4,1,0,Executive,17088,0
200173,30,Company Invited,1,15,SmallBusiness,Male,3,3,Deluxe,5,Married,2,0,2,0,1,Manager,18072,0
200174,45,Enquiry,3,10,Salaried,Female,1,,Deluxe,5,Married,5,1,4,0,0,Manager,20006,0
200175,56,Enquiry,1,,Salaried,Female,3,3,Basic,5,Married,5,1,4,1,1,Executive,,0
200176,33,Enquiry,1,8,Salaried,Male,2,3,Basic,3,Single,1,0,3,0,1,Executive,17500,0
200177,19,Enquiry,1,8,Salaried,Male,2,4,Basic,3,Single,2,0,5,0,0,Executive,16102,1
200178,46,Enquiry,3,6,SmallBusiness,Female,3,3,Standard,5,Married,2,0,2,1,1,Senior Manager,25453,0
200179,38,Enquiry,1,15,Salaried,Female,3,3,Basic,3,Single,2,0,2,1,1,Executive,17288,0
200180,,Enquiry,1,18,SmallBusiness,Female,3,3,Basic,3,Divorced,1,1,4,1,2,Executive,,0
200181,34,Enquiry,1,33,SmallBusiness,Female,3,3,Basic,4,Single,3,0,3,1,0,Executive,17311,0
200182,41,Enquiry,3,26,SmallBusiness,Female,3,3,Basic,4,Single,2,1,4,0,2,Executive,18140,1
200183,,Enquiry,1,6,SmallBusiness,Male,2,4,Basic,3,Divorced,3,0,3,0,0,Executive,18690,0
200184,53,Enquiry,1,,SmallBusiness,Female,2,2,Deluxe,5,Married,2,0,2,1,1,Manager,,0
200185,33,Enquiry,1,20,SmallBusiness,Female,3,3,Basic,4,Divorced,2,0,5,0,0,Executive,17756,0
200186,40,Enquiry,1,10,SmallBusiness,Female,2,3,King,3,Divorced,2,0,5,0,1,VP,34033,0
200187,55,Enquiry,1,20,SmallBusiness,Male,3,2,King,4,Single,1,0,2,0,2,VP,33722,0
200188,34,Company Invited,1,8,Salaried,Male,2,4,Deluxe,3,Divorced,2,0,4,0,0,Manager,24547,0
200189,51,Enquiry,1,9,SmallBusiness,Female,3,3,Super Deluxe,4,Single,4,0,5,0,1,AVP,28734,0
200190,52,Enquiry,1,6,Salaried,Male,3,4,King,3,Divorced,1,0,2,1,,VP,34999,0
200191,27,Enquiry,1,15,SmallBusiness,Female,2,3,Basic,4,Single,2,0,3,1,0,Executive,17279,0
200192,35,Enquiry,1,29,Salaried,Male,2,4,Deluxe,3,Divorced,4,1,4,1,1,Manager,20916,1
200193,43,Company Invited,1,13,SmallBusiness,Male,2,2,Basic,3,Married,5,0,4,0,1,Executive,17089,0
200194,45,Company Invited,1,8,SmallBusiness,Male,3,4,Super Deluxe,3,Divorced,1,0,4,1,0,AVP,31792,0
200195,,Enquiry,1,27,Salaried,Male,3,2,Basic,5,Divorced,2,1,3,0,2,Executive,18564,0
200196,35,Company Invited,1,,SmallBusiness,Female,2,3,Deluxe,4,Single,6,0,2,1,0,Manager,,0
200197,42,Company Invited,1,27,SmallBusiness,Female,2,3,Deluxe,3,Married,3,0,2,0,0,Manager,20265,0
200198,38,Enquiry,1,8,Salaried,Male,2,3,Deluxe,3,Divorced,1,0,2,0,1,Manager,21553,0
200199,38,Enquiry,1,35,Large Business,Male,2,3,Deluxe,3,Divorced,4,0,2,0,1,Manager,21261,0
200200,27,Company Invited,1,,Large Business,Male,2,4,Deluxe,5,Divorced,6,0,3,0,1,Manager,,0
200201,49,Company Invited,1,24,Salaried,Male,3,3,Deluxe,3,Married,2,1,2,0,1,Manager,21804,0
200202,,Company Invited,1,16,SmallBusiness,Male,2,3,Basic,3,Married,2,1,3,1,0,Executive,,0
200203,40,Enquiry,1,25,SmallBusiness,Male,2,3,Deluxe,3,Divorced,1,1,2,1,1,Manager,17741,0
200204,38,Enquiry,1,35,SmallBusiness,Male,3,3,Deluxe,5,Divorced,1,1,3,0,1,Manager,21673,1
200205,29,Enquiry,3,33,SmallBusiness,Female,2,3,Standard,3,Divorced,2,0,3,1,1,Senior Manager,22639,1
200206,22,Enquiry,1,11,Salaried,Male,2,2,Basic,4,Married,2,1,4,0,0,Executive,17328,0
200207,36,Company Invited,1,24,SmallBusiness,Female,3,3,Basic,3,Single,2,0,3,1,2,Executive,17153,0
200208,40,Company Invited,1,,Salaried,Male,3,4,Deluxe,3,Divorced,1,0,5,1,0,Manager,19876,0
200209,46,Enquiry,1,6,SmallBusiness,Male,3,3,Standard,5,Married,1,0,2,0,0,Senior Manager,24396,0
200210,32,Enquiry,3,10,SmallBusiness,Male,2,5,Standard,3,Divorced,2,0,2,1,1,Senior Manager,25400,1
200211,30,Company Invited,1,6,Salaried,Male,2,4,Standard,3,Unmarried,2,0,5,1,1,Senior Manager,23474,0
200212,27,Company Invited,3,26,Salaried,Fe Male,2,3,Deluxe,3,Unmarried,2,0,2,1,1,Manager,24981,0
200213,51,Enquiry,1,14,Salaried,Male,2,4,Standard,4,Divorced,6,0,3,1,1,Senior Manager,27490,0
200214,30,Enquiry,1,9,Large Business,Female,2,3,Basic,5,Single,6,1,4,1,1,Executive,17657,1
200215,41,Enquiry,3,12,Salaried,Fe Male,3,3,Standard,3,Single,4,1,2,0,1,Senior Manager,28591,0
200216,30,Company Invited,3,32,SmallBusiness,Female,2,4,Deluxe,5,Unmarried,6,0,2,0,1,Manager,21696,1
200217,29,Enquiry,1,6,Large Business,Male,2,3,Basic,3,Single,1,0,2,0,0,Executive,17058,1
200218,45,Company Invited,3,12,SmallBusiness,Fe Male,2,4,Standard,3,Unmarried,7,0,4,1,0,Senior Manager,23865,0
200219,54,Enquiry,3,9,SmallBusiness,Female,2,3,Deluxe,5,Divorced,3,0,4,1,1,Manager,20940,0
200220,36,Enquiry,1,11,Salaried,Male,3,3,Deluxe,4,Single,1,0,2,0,2,Manager,20914,0
200221,33,Enquiry,1,10,SmallBusiness,Female,2,4,Basic,4,Divorced,7,0,4,0,0,Executive,17622,0
200222,37,Company Invited,1,17,Salaried,Male,2,3,Standard,3,Married,2,1,3,0,1,Senior Manager,27185,0
200223,38,Enquiry,3,9,Salaried,Male,3,3,Standard,3,Married,1,0,2,1,1,Senior Manager,25609,0
200224,31,,1,,SmallBusiness,Male,2,5,Deluxe,3,Divorced,1,0,3,1,0,Manager,,0
200225,59,Enquiry,1,9,Salaried,Male,3,4,Basic,3,Divorced,4,0,3,0,1,Executive,17177,0
200226,37,Company Invited,3,10,SmallBusiness,Male,2,3,Basic,3,Married,5,0,4,1,0,Executive,17177,0
200227,29,Company Invited,3,6,SmallBusiness,Female,2,3,Standard,3,Divorced,2,0,3,1,0,Senior Manager,22918,0
200228,35,Company Invited,3,6,SmallBusiness,Fe Male,3,3,Standard,3,Unmarried,2,0,5,1,0,Senior Manager,23789,0
200229,29,Enquiry,1,24,SmallBusiness,Male,2,4,Basic,3,Single,2,1,3,0,1,Executive,17389,1
200230,52,Enquiry,1,8,Salaried,Female,2,4,Basic,3,Single,1,0,3,0,0,Executive,18212,0
200231,42,Enquiry,1,10,Large Business,Male,2,3,King,3,Divorced,2,0,2,0,1,VP,34232,0
200232,59,Enquiry,2,12,SmallBusiness,Male,2,3,Basic,3,Divorced,1,0,4,1,0,Executive,17267,0
200233,50,Enquiry,3,6,SmallBusiness,Female,3,3,King,3,Married,4,0,2,1,1,VP,34517,0
200234,33,Enquiry,1,20,SmallBusiness,Male,2,3,Basic,3,Divorced,6,1,2,0,1,Executive,17436,1
200235,43,Enquiry,3,22,SmallBusiness,Female,3,3,Super Deluxe,3,Divorced,6,1,3,0,1,AVP,31064,0
200236,33,Enquiry,1,8,Salaried,Female,2,3,Basic,5,Divorced,1,0,3,1,0,Executive,17707,1
200237,52,Company Invited,3,8,Salaried,Male,3,4,King,3,Single,2,1,2,1,2,VP,34068,0
200238,,Enquiry,3,10,Salaried,Female,2,3,Basic,4,Divorced,3,0,3,1,0,Executive,,0
200239,,Enquiry,1,6,Salaried,Male,3,4,Basic,3,Single,1,1,5,1,0,Executive,,1
200240,39,Enquiry,1,6,SmallBusiness,Female,3,3,Basic,3,Married,1,0,3,0,1,Executive,17232,0
200241,32,Company Invited,3,,SmallBusiness,Male,3,3,Deluxe,3,Divorced,1,0,4,1,2,Manager,,0
200242,41,Enquiry,1,25,Salaried,Male,2,3,Deluxe,5,Married,3,0,2,1,0,Manager,18072,0
200243,40,Enquiry,1,30,Large Business,Male,3,3,Deluxe,3,Married,2,0,3,1,1,Manager,18319,0
200244,45,Enquiry,1,6,Salaried,Male,3,2,King,3,Divorced,1,0,4,1,2,VP,34202,0
200245,31,Company Invited,1,9,SmallBusiness,Male,3,3,Standard,3,Married,1,0,4,1,2,Senior Manager,28675,0
200246,33,Enquiry,1,11,Salaried,Female,3,4,Basic,3,Divorced,2,0,2,0,2,Executive,17911,0
200247,34,Enquiry,1,8,Salaried,Male,2,4,Deluxe,5,Divorced,7,0,4,0,1,Manager,20957,0
200248,,Enquiry,1,6,SmallBusiness,Female,2,4,Basic,5,Divorced,3,0,4,1,1,Executive,,0
200249,45,Company Invited,1,13,Salaried,Male,3,2,Deluxe,3,Divorced,5,0,2,0,2,Manager,21434,0
200250,37,Company Invited,1,16,SmallBusiness,Male,3,3,Standard,3,Married,7,0,3,1,2,Senior Manager,25048,1
200251,39,Company Invited,1,8,Large Business,Fe Male,3,3,Standard,3,Unmarried,1,0,2,1,1,Senior Manager,25938,0
200252,29,Enquiry,1,21,Salaried,Male,2,3,Basic,3,Single,2,0,3,0,0,Executive,17340,0
200253,42,Enquiry,1,23,Salaried,Female,2,2,Deluxe,5,Unmarried,4,1,2,0,0,Manager,21545,0
200254,29,Enquiry,3,26,SmallBusiness,Male,2,3,Deluxe,3,Married,3,0,2,1,1,Manager,21931,0
200255,25,Enquiry,1,,Salaried,Female,3,3,Deluxe,3,Divorced,1,0,3,1,1,Manager,19898,0
200256,42,Enquiry,1,8,SmallBusiness,Female,2,4,Basic,5,Married,1,1,4,1,0,Executive,17593,0
200257,40,Enquiry,1,8,SmallBusiness,Male,2,3,King,3,Married,1,0,5,0,0,VP,34436,0
200258,51,Enquiry,1,6,Salaried,Male,3,3,Basic,3,Divorced,2,0,4,1,0,Executive,17723,0
200259,,Company Invited,1,35,SmallBusiness,Male,3,4,Basic,4,Single,1,0,3,1,2,Executive,18479,1
200260,32,Company Invited,1,13,Salaried,Male,3,2,Basic,4,Divorced,2,0,2,0,1,Executive,17794,0
200261,38,Company Invited,3,8,Salaried,Male,2,4,Deluxe,3,Divorced,4,0,5,1,1,Manager,20249,0
200262,32,Enquiry,1,8,Large Business,Male,2,4,Deluxe,5,Single,5,0,4,0,1,Manager,17176,0
200263,46,Enquiry,3,8,Large Business,Female,3,5,Super Deluxe,4,Divorced,4,1,5,1,2,AVP,31872,0
200264,,Enquiry,1,8,Salaried,Male,3,3,Basic,3,Single,3,0,4,1,1,Executive,18485,1
200265,29,Enquiry,3,8,SmallBusiness,Male,3,4,Deluxe,4,Divorced,3,0,4,0,1,Manager,21644,0
200266,31,Enquiry,1,29,SmallBusiness,Male,3,4,Deluxe,3,Divorced,1,0,3,1,1,Manager,20582,0
200267,,Company Invited,1,11,Salaried,Male,2,2,Deluxe,5,Married,2,0,5,1,1,Manager,,0
200268,45,Enquiry,1,26,SmallBusiness,Male,3,3,Super Deluxe,3,Divorced,1,1,3,0,0,AVP,28496,0
200269,36,Enquiry,1,12,Salaried,Male,2,3,Basic,3,Divorced,1,0,5,1,1,Executive,18210,0
200270,55,Enquiry,1,6,SmallBusiness,Male,2,3,King,5,Single,1,1,2,1,0,VP,34045,0
200271,47,Company Invited,1,35,Salaried,Male,2,3,Standard,4,Divorced,2,1,3,1,0,Senior Manager,26849,1
200272,28,Enquiry,1,15,SmallBusiness,Male,3,3,Basic,3,Divorced,2,0,2,1,1,Executive,17070,0
200273,37,Enquiry,3,12,SmallBusiness,Male,3,3,Deluxe,3,Divorced,5,0,3,0,0,Manager,21502,0
200274,21,Enquiry,1,9,SmallBusiness,Male,3,4,Basic,3,Single,2,0,5,1,1,Executive,18230,0
200275,37,Company Invited,1,6,SmallBusiness,Female,1,3,Standard,3,Married,3,1,3,0,0,Senior Manager,28603,0
200276,35,Enquiry,1,28,Salaried,Female,3,2,Standard,4,Married,1,0,5,1,1,Senior Manager,26996,0
200277,38,Enquiry,3,13,SmallBusiness,Female,2,2,Deluxe,5,Married,2,1,3,0,0,Manager,20605,0
200278,26,Company Invited,1,6,Salaried,Female,2,3,Deluxe,4,Married,2,0,5,0,1,Manager,21397,0
200279,50,Enquiry,1,10,Salaried,Male,3,3,King,4,Married,4,0,5,1,0,VP,34144,0
200280,53,Enquiry,1,9,SmallBusiness,Male,2,3,Super Deluxe,3,Divorced,4,1,5,0,0,AVP,32584,0
200281,42,Enquiry,3,6,Salaried,Male,2,3,Deluxe,3,Divorced,2,0,3,1,0,Manager,19907,0
200282,29,Company Invited,3,,Salaried,Male,2,3,Deluxe,3,Single,2,0,2,0,0,Manager,19554,0
200283,55,Enquiry,1,26,Large Business,Male,2,3,Deluxe,3,Divorced,4,1,2,1,1,Manager,20415,0
200284,26,Company Invited,1,,SmallBusiness,Male,2,3,Deluxe,5,Divorced,2,1,3,1,1,Manager,19741,0
200285,37,Enquiry,1,6,Salaried,Female,2,3,Basic,3,Single,2,0,2,1,1,Executive,17115,0
200286,44,Company Invited,1,30,Salaried,Male,2,3,Basic,3,Married,4,1,5,0,1,Executive,18161,1
200287,38,Enquiry,1,29,Salaried,Male,2,3,Deluxe,3,Married,1,0,3,0,0,Manager,20745,0
200288,26,Enquiry,1,22,SmallBusiness,Male,2,3,Basic,4,Married,3,1,2,1,1,Executive,17373,1
200289,28,Enquiry,1,14,Salaried,Female,3,3,Basic,3,Single,2,0,4,0,1,Executive,18310,0
200290,49,Company Invited,1,16,Salaried,Female,2,3,King,5,Single,1,1,3,0,0,VP,33665,0
200291,36,Enquiry,1,,Large Business,Male,1,3,Deluxe,4,Single,5,0,2,1,0,Manager,19485,0
200292,31,Company Invited,3,11,SmallBusiness,Female,2,3,Basic,4,Married,2,0,3,0,1,Executive,17789,0
200293,26,Enquiry,3,10,SmallBusiness,Male,2,4,Deluxe,3,Single,2,1,2,1,1,Manager,20828,1
200294,37,Company Invited,1,15,SmallBusiness,Male,2,3,Basic,3,Divorced,2,1,2,0,0,Executive,17326,0
200295,42,Company Invited,3,32,SmallBusiness,Female,3,3,Super Deluxe,4,Divorced,6,0,3,1,2,AVP,28525,0
200296,18,Enquiry,1,9,Salaried,Male,2,3,Basic,3,Single,2,0,4,0,0,Executive,16420,1
200297,35,Enquiry,3,22,SmallBusiness,Male,3,3,Standard,4,Divorced,1,0,2,1,2,Senior Manager,23020,0
200298,,Company Invited,1,24,Salaried,Male,2,2,Basic,3,Divorced,5,0,5,0,0,Executive,18688,0
200299,51,Enquiry,1,8,SmallBusiness,Male,2,5,Deluxe,4,Married,6,0,2,0,0,Manager,20482,0
200300,41,Enquiry,3,8,Salaried,Male,2,3,Super Deluxe,4,Single,2,0,3,1,0,AVP,31015,0
200301,18,Enquiry,3,16,SmallBusiness,Female,3,4,Basic,3,Single,2,0,2,1,2,Executive,16200,0
200302,28,Enquiry,1,22,SmallBusiness,Male,3,2,Deluxe,5,Single,1,0,5,0,2,Manager,20661,0
200303,31,Enquiry,3,13,Large Business,Male,3,2,Deluxe,3,Divorced,5,0,2,1,0,Manager,21929,0
200304,39,Enquiry,1,6,SmallBusiness,Male,2,2,Standard,3,Married,1,0,3,1,0,Senior Manager,24613,0
200305,36,Company Invited,1,30,Salaried,Female,2,3,Deluxe,4,Divorced,1,0,3,0,0,Manager,20674,0
200306,32,Enquiry,3,13,Salaried,Male,3,4,Deluxe,3,Divorced,2,0,3,1,2,Manager,20484,0
200307,38,Enquiry,1,31,Salaried,Female,2,4,Standard,4,Divorced,4,0,3,1,0,Senior Manager,27061,0
200308,58,Company Invited,1,6,Salaried,Male,2,5,Deluxe,3,Married,3,1,2,1,1,Manager,20660,0
200309,31,Enquiry,1,,Large Business,Male,2,3,Basic,3,Divorced,1,1,4,0,1,Executive,19821,0
200310,31,Enquiry,2,8,Salaried,Male,3,4,Deluxe,5,Divorced,4,0,3,0,1,Manager,21410,0
200311,45,Company Invited,1,13,Salaried,Male,3,3,Standard,5,Married,2,0,2,1,2,Senior Manager,20210,0
200312,31,Enquiry,1,8,Salaried,Male,2,3,Basic,3,Married,1,1,4,1,1,Executive,17695,0
200313,33,Company Invited,1,11,Salaried,Female,3,3,Standard,4,Divorced,7,0,3,1,2,Senior Manager,26878,0
200314,39,Enquiry,1,16,SmallBusiness,Male,2,3,Super Deluxe,5,Divorced,2,1,3,1,1,AVP,32068,0
200315,43,Company Invited,1,16,Salaried,Female,2,3,Basic,3,Single,1,0,5,0,1,Executive,17455,0
200316,49,Enquiry,1,6,Large Business,Female,2,4,Super Deluxe,3,Single,1,1,3,1,0,AVP,28964,0
200317,52,Enquiry,1,14,SmallBusiness,Male,2,,Deluxe,4,Divorced,3,0,2,1,1,Manager,19941,1
200318,27,Enquiry,1,11,Salaried,Female,2,3,Basic,4,Single,2,1,3,0,1,Executive,17478,0
200319,32,Enquiry,3,14,Large Business,Female,3,4,Deluxe,4,Divorced,2,1,2,1,0,Manager,20228,0
200320,27,Enquiry,3,,Salaried,Male,3,3,Deluxe,3,Single,2,1,4,1,2,Manager,,0
200321,31,Enquiry,3,13,SmallBusiness,Male,3,3,Deluxe,3,Married,5,0,2,0,0,Manager,22547,0
200322,32,Enquiry,1,8,SmallBusiness,Female,3,,Deluxe,3,Single,1,0,3,1,2,Manager,20055,0
200323,,Enquiry,1,8,SmallBusiness,Male,2,5,Basic,3,Divorced,6,1,3,1,0,Executive,18464,1
200324,30,Enquiry,1,34,SmallBusiness,Female,3,3,Deluxe,3,Divorced,2,0,3,0,2,Manager,20775,0
200325,31,Company Invited,1,13,Salaried,Female,2,4,Standard,3,Divorced,2,0,2,1,1,Senior Manager,23943,0
200326,39,Company Invited,1,5,SmallBusiness,Male,2,4,King,3,Divorced,2,0,5,1,1,VP,34272,0
200327,39,Enquiry,3,9,SmallBusiness,Female,2,3,Deluxe,3,Divorced,5,1,4,1,1,Manager,20238,1
200328,33,Company Invited,3,,SmallBusiness,Male,2,4,Deluxe,3,Single,4,0,3,1,1,Manager,19682,0
200329,47,Enquiry,1,11,Salaried,Male,2,3,King,3,Divorced,5,0,2,0,1,VP,33300,0
200330,43,Company Invited,1,16,Salaried,Female,2,4,Deluxe,3,Married,2,0,3,0,0,Manager,20257,0
200331,27,Company Invited,3,6,SmallBusiness,Male,3,3,Deluxe,4,Divorced,1,1,2,0,2,Manager,21349,0
200332,54,Company Invited,1,,Salaried,Female,2,3,Deluxe,3,Single,4,0,4,1,0,Manager,19869,0
200333,43,Enquiry,1,13,Salaried,Female,2,3,Standard,5,Divorced,1,0,5,1,0,Senior Manager,24985,0
200334,,Enquiry,1,14,Salaried,Male,3,3,Deluxe,3,Divorced,1,0,3,1,0,Manager,18697,0
200335,40,Enquiry,3,6,SmallBusiness,Male,2,5,Deluxe,3,Divorced,3,1,3,1,0,Manager,22457,0
200336,29,Enquiry,1,14,Salaried,Male,3,5,Basic,5,Divorced,2,1,3,1,1,Executive,17119,1
200337,,Enquiry,1,15,Salaried,Male,1,4,Basic,3,Single,1,0,2,1,0,Executive,,0
200338,30,Enquiry,3,11,SmallBusiness,Female,1,4,Deluxe,3,Married,2,0,2,0,0,Manager,21118,0
200339,27,Enquiry,3,14,SmallBusiness,Female,2,3,Deluxe,4,Divorced,2,0,2,0,0,Manager,21214,0
200340,37,Enquiry,1,11,SmallBusiness,Male,3,3,Deluxe,3,Married,1,0,3,0,0,Manager,21347,0
200341,38,Enquiry,1,21,Salaried,Male,3,4,Standard,3,Married,1,1,5,1,1,Senior Manager,26510,0
200342,31,Enquiry,1,13,SmallBusiness,Female,2,3,Standard,3,Unmarried,2,1,4,1,1,Senior Manager,22143,0
200343,29,Enquiry,3,16,SmallBusiness,Female,2,4,Deluxe,4,Married,2,1,5,0,1,Manager,23268,0
200344,35,Enquiry,1,11,Large Business,Male,3,3,Standard,4,Unmarried,1,0,3,0,0,Senior Manager,23095,0
200345,23,Enquiry,1,32,Salaried,Male,2,3,Basic,3,Married,2,0,2,1,1,Executive,17904,0
200346,41,Enquiry,1,12,SmallBusiness,Male,3,4,Deluxe,4,Single,7,1,3,1,0,Manager,21032,0
200347,47,Company Invited,3,10,SmallBusiness,Male,2,3,Deluxe,3,Single,4,0,4,0,1,Manager,17976,0
200348,42,Enquiry,1,29,Salaried,Female,2,3,Super Deluxe,3,Single,3,0,3,0,0,AVP,30992,0
200349,29,Company Invited,3,,Salaried,Male,3,3,Deluxe,3,Divorced,2,0,2,1,1,Manager,19649,0
200350,42,Enquiry,2,8,Large Business,Male,2,3,Basic,3,Married,1,1,4,1,0,Executive,17696,0
200351,32,Enquiry,1,8,SmallBusiness,Female,3,3,Basic,4,Divorced,2,0,4,0,0,Executive,17370,0
200352,48,Enquiry,3,35,SmallBusiness,Female,3,3,Standard,3,Divorced,4,0,4,0,0,Senior Manager,27504,0
200353,37,Enquiry,1,12,SmallBusiness,Male,2,2,Deluxe,5,Married,5,1,3,1,1,Manager,20974,0
200354,30,Company Invited,3,,Large Business,Female,2,3,Deluxe,3,Divorced,1,1,3,1,0,Manager,19736,0
200355,26,Enquiry,3,6,Salaried,Male,2,3,Deluxe,3,Divorced,2,0,5,1,0,Manager,20296,0
200356,42,Enquiry,1,8,Salaried,Male,3,4,Deluxe,3,Unmarried,4,0,2,0,1,Manager,21781,0
200357,21,Company Invited,3,6,Large Business,Female,2,4,Basic,4,Single,2,1,5,1,1,Executive,17174,1
200358,36,Company Invited,3,6,SmallBusiness,Female,2,3,Deluxe,3,Unmarried,5,0,2,1,1,Manager,21653,0
200359,36,Company Invited,3,9,SmallBusiness,Male,2,4,Standard,3,Divorced,5,0,2,0,1,Senior Manager,24699,0
200360,57,Enquiry,1,6,SmallBusiness,Male,2,3,Deluxe,3,Divorced,3,0,3,1,1,Manager,21755,0
200361,40,Enquiry,1,16,Salaried,Female,2,2,Basic,3,Divorced,4,1,3,0,1,Executive,17213,0
200362,21,Company Invited,3,15,SmallBusiness,Male,2,3,Basic,3,Single,2,0,4,0,0,Executive,17610,0
200363,33,Enquiry,3,11,SmallBusiness,Female,2,3,Basic,3,Single,2,1,2,1,0,Executive,17851,1
200364,,Enquiry,1,16,SmallBusiness,Female,3,3,Basic,5,Divorced,7,0,2,1,1,Executive,18452,0
200365,46,Company Invited,1,13,SmallBusiness,Female,1,3,Deluxe,3,Divorced,3,0,5,0,0,Manager,20258,0
200366,41,Company Invited,3,10,SmallBusiness,Male,2,3,Deluxe,4,Unmarried,2,0,3,1,0,Manager,24355,1
200367,50,Enquiry,1,16,Large Business,Male,3,4,Standard,3,Unmarried,7,0,5,0,2,Senior Manager,25496,0
200368,40,Enquiry,3,28,SmallBusiness,Male,3,4,Deluxe,3,Divorced,3,1,3,1,1,Manager,21380,1
200369,31,Enquiry,1,15,Salaried,Male,2,4,Basic,4,Single,1,1,3,1,0,Executive,17657,0
200370,21,Enquiry,3,18,Salaried,Female,2,2,Basic,4,Single,2,0,5,0,1,Executive,17716,1
200371,29,Enquiry,1,29,Salaried,Male,2,3,Basic,3,Single,1,0,3,1,0,Executive,17201,0
200372,35,Enquiry,1,15,Salaried,Male,3,4,Deluxe,4,Unmarried,1,0,2,1,2,Manager,21540,0
200373,,Enquiry,1,6,SmallBusiness,Male,2,3,Basic,4,Married,2,0,3,0,0,Executive,,0
200374,28,Enquiry,3,15,Salaried,Male,3,3,Deluxe,3,Single,2,0,3,1,0,Manager,20253,0
200375,49,Enquiry,1,13,Salaried,Male,2,4,Standard,3,Unmarried,1,0,2,1,1,Senior Manager,25965,0
200376,51,Enquiry,3,20,Salaried,Female,2,,Deluxe,3,Divorced,5,0,3,0,1,Manager,19936,0
200377,36,Enquiry,1,8,Salaried,Female,3,3,Basic,3,Divorced,5,0,5,1,0,Executive,17543,0
200378,34,Company Invited,3,25,SmallBusiness,Male,3,2,Deluxe,3,Single,1,1,2,1,2,Manager,20304,1
200379,55,Enquiry,1,8,Salaried,Female,3,3,Super Deluxe,3,Single,3,1,5,0,1,AVP,31659,0
200380,24,Enquiry,3,,SmallBusiness,Female,3,3,Deluxe,3,Married,2,1,2,0,2,Manager,,0
200381,30,Enquiry,3,8,Large Business,Male,3,3,Basic,4,Divorced,2,0,3,1,2,Executive,17476,0
200382,26,Company Invited,1,9,Large Business,Male,3,3,Basic,5,Single,1,0,3,0,2,Executive,18102,1
200383,22,Enquiry,1,17,SmallBusiness,Female,2,3,Basic,4,Divorced,2,0,2,1,0,Executive,17244,0
200384,36,Enquiry,3,8,SmallBusiness,Male,3,4,Standard,3,Divorced,2,0,2,1,0,Senior Manager,22596,0
200385,30,Company Invited,1,10,Large Business,Male,2,3,Basic,3,Single,19,1,4,1,1,Executive,17285,1
200386,37,Enquiry,1,20,Salaried,Female,3,3,Basic,5,Married,2,0,4,1,0,Executive,18034,0
200387,40,Enquiry,3,8,SmallBusiness,Female,2,3,Deluxe,4,Married,1,0,2,0,1,Manager,20715,0
200388,42,Enquiry,1,6,Salaried,Female,3,3,Basic,5,Married,4,0,3,1,1,Executive,17576,0
200389,,Enquiry,1,16,Salaried,Male,2,3,Deluxe,4,Single,3,1,5,0,1,Manager,,0
200390,43,Enquiry,1,18,Salaried,Male,2,4,Super Deluxe,4,Married,2,0,3,0,1,AVP,29336,0
200391,,Enquiry,1,8,SmallBusiness,Female,3,4,Deluxe,3,Divorced,7,0,5,1,0,Manager,18448,0
200392,54,Enquiry,1,11,SmallBusiness,Male,2,3,King,5,Divorced,5,0,4,1,0,VP,34406,0
200393,34,Company Invited,3,10,SmallBusiness,Female,3,3,Deluxe,3,Divorced,1,0,2,1,0,Manager,21538,0
200394,31,Enquiry,1,,SmallBusiness,Female,2,3,Deluxe,5,Divorced,2,0,2,1,0,Manager,,0
200395,43,Company Invited,1,27,SmallBusiness,Male,3,3,Basic,3,Divorced,1,0,4,0,2,Executive,17258,0
200396,43,Enquiry,1,,Salaried,Female,3,3,Deluxe,3,Married,5,1,2,0,0,Manager,19522,0
200397,25,Enquiry,3,,Salaried,Female,2,4,Deluxe,3,Single,2,1,2,0,1,Manager,19487,0
200398,37,Company Invited,1,,SmallBusiness,Female,3,3,Deluxe,3,Divorced,4,1,3,1,1,Manager,,0
200399,31,Enquiry,1,6,Salaried,Male,3,4,Basic,5,Divorced,2,0,4,0,0,Executive,17218,0
200400,39,Company Invited,1,6,Salaried,Male,2,3,King,3,Married,2,1,3,0,1,VP,34197,0
200401,56,Company Invited,3,12,Salaried,Female,2,2,Super Deluxe,5,Divorced,1,0,3,1,0,AVP,28212,0
200402,30,Enquiry,3,18,Large Business,Female,2,3,Deluxe,3,Unmarried,1,0,2,1,0,Manager,21577,0
200403,41,Enquiry,3,6,SmallBusiness,Male,2,2,Standard,5,Divorced,2,0,3,1,1,Senior Manager,23392,0
200404,28,Enquiry,1,,SmallBusiness,Male,3,3,Deluxe,5,Married,2,0,2,0,0,Manager,19558,0
200405,,Enquiry,1,9,SmallBusiness,Male,3,3,Basic,5,Divorced,6,0,5,1,1,Executive,,1
200406,52,Enquiry,1,9,SmallBusiness,Male,2,4,Standard,3,Divorced,3,1,2,0,0,Senior Manager,22969,0
200407,45,Enquiry,1,16,Salaried,Male,3,3,Basic,3,Divorced,4,0,5,1,0,Executive,17654,0
200408,52,Enquiry,1,10,Salaried,Female,1,3,Super Deluxe,3,Divorced,3,0,5,1,0,AVP,31555,0
200409,42,Company Invited,1,,Salaried,Female,3,3,Deluxe,3,Married,3,0,3,1,2,Manager,19556,0
200410,30,Enquiry,1,8,Salaried,Female,2,5,Deluxe,3,Single,3,0,2,0,1,Manager,21091,0
200411,60,Enquiry,1,13,Salaried,Female,2,3,King,5,Divorced,6,0,5,0,0,VP,34566,0
200412,46,Enquiry,1,,SmallBusiness,Female,2,3,Deluxe,3,Married,3,0,5,0,0,Manager,19810,0
200413,42,Company Invited,1,,Large Business,Female,2,4,Deluxe,3,Divorced,1,0,3,0,0,Manager,19523,0
200414,24,Enquiry,3,6,Large Business,Female,3,3,Basic,4,Single,2,1,4,1,2,Executive,18202,1
200415,34,Company Invited,3,12,SmallBusiness,Female,2,5,Basic,3,Married,1,0,4,1,1,Executive,17351,1
200416,38,Company Invited,1,8,Salaried,Male,2,3,Basic,3,Divorced,2,1,5,1,1,Executive,16702,0
200417,40,Enquiry,3,8,Salaried,Female,3,3,King,3,Divorced,1,0,3,0,0,VP,33041,0
200418,26,Enquiry,1,29,Salaried,Female,2,3,Basic,3,Married,2,0,3,1,1,Executive,17886,0
200419,30,Company Invited,1,9,Salaried,Male,2,3,Basic,3,Divorced,5,0,3,0,1,Executive,17097,0
200420,29,Enquiry,1,9,SmallBusiness,Male,3,4,Standard,3,Divorced,2,0,2,1,2,Senior Manager,26935,0
200421,29,Enquiry,1,31,Large Business,Female,3,4,Basic,4,Divorced,6,0,3,0,2,Executive,17546,1
200422,19,Enquiry,2,8,Large Business,Male,2,4,Basic,3,Single,2,0,3,1,1,Executive,17564,1
200423,30,Company Invited,3,28,Salaried,Female,3,3,Standard,5,Divorced,1,0,2,1,0,Senior Manager,23412,0
200424,57,Enquiry,3,35,SmallBusiness,Male,2,4,Super Deluxe,3,Married,4,0,3,0,0,AVP,29118,0
200425,50,Enquiry,1,35,Salaried,Male,2,4,Super Deluxe,3,Divorced,1,0,5,1,1,AVP,32046,0
200426,30,Company Invited,1,8,SmallBusiness,Female,2,3,Basic,3,Single,1,0,4,1,0,Executive,17564,0
200427,60,Company Invited,3,34,SmallBusiness,Female,3,4,Standard,5,Divorced,5,0,2,1,0,Senior Manager,25266,0
200428,47,Enquiry,1,8,SmallBusiness,Female,3,3,Deluxe,3,Married,6,0,2,0,1,Manager,20070,0
200429,46,Enquiry,1,8,Salaried,Male,2,3,Super Deluxe,3,Divorced,7,0,5,0,0,AVP,32861,0
200430,35,Enquiry,1,28,Salaried,Male,2,5,Basic,3,Single,1,0,4,1,0,Executive,,0
200431,,Enquiry,1,14,Salaried,Female,2,3,Deluxe,3,Single,1,0,2,1,0,Manager,,0
200432,34,Enquiry,1,8,Salaried,Male,3,4,Basic,3,Married,4,0,5,1,0,Executive,17768,0
200433,46,Enquiry,3,16,SmallBusiness,Female,3,4,Standard,3,Divorced,3,1,2,1,1,Senior Manager,24071,0
200434,31,Enquiry,1,15,Salaried,Male,2,3,Standard,4,Married,2,0,3,1,1,Senior Manager,25648,0
200435,33,Enquiry,1,21,SmallBusiness,Male,2,3,Standard,3,Divorced,1,1,5,0,0,Senior Manager,28610,1
200436,,Enquiry,1,16,SmallBusiness,Male,2,5,Basic,3,Married,1,0,5,0,0,Executive,18408,1
200437,30,Enquiry,3,13,SmallBusiness,Male,2,3,Basic,4,Single,1,0,2,1,0,Executive,17983,0
200438,35,Enquiry,1,22,Salaried,Male,3,3,Standard,3,Divorced,5,1,2,0,1,Senior Manager,22632,0
200439,31,Company Invited,1,26,Salaried,Male,3,3,Standard,3,Divorced,4,0,3,1,0,Senior Manager,24824,1
200440,34,Company Invited,2,29,Salaried,Female,2,3,Standard,5,Married,1,1,3,1,0,Senior Manager,24950,1
200441,42,Company Invited,1,11,Salaried,Male,3,3,Basic,3,Divorced,5,0,3,1,0,Executive,17093,0
200442,36,Company Invited,3,16,SmallBusiness,Male,2,3,Standard,3,Unmarried,2,0,2,1,1,Senior Manager,24980,0
200443,,Company Invited,1,10,Large Business,Male,2,4,Basic,3,Single,6,0,5,1,0,Executive,,1
200444,,Enquiry,3,8,SmallBusiness,Female,2,3,Deluxe,3,Divorced,3,0,5,1,0,Manager,,0
200445,55,Enquiry,3,24,Salaried,Female,2,3,Super Deluxe,4,Single,4,0,2,0,1,AVP,31835,0
200446,41,Company Invited,3,16,Salaried,Male,2,3,Deluxe,3,Single,1,0,2,0,1,Manager,21230,0
200447,35,Enquiry,3,,SmallBusiness,Male,2,3,Deluxe,3,Divorced,1,0,3,1,0,Manager,19717,0
200448,40,Enquiry,1,12,Salaried,Fe Male,3,3,Super Deluxe,3,Unmarried,1,0,5,1,2,AVP,28237,0
200449,,Company Invited,1,14,Salaried,Female,2,3,Basic,3,Divorced,2,0,2,0,0,Executive,,0
200450,31,Enquiry,3,8,Salaried,Male,3,3,Deluxe,3,Unmarried,5,1,5,1,1,Manager,21582,0
200451,42,Enquiry,1,30,SmallBusiness,Male,2,3,Standard,5,Divorced,2,1,2,1,1,Senior Manager,22406,0
200452,45,Enquiry,3,,Salaried,Male,3,3,Deluxe,4,Divorced,1,0,5,1,0,Manager,19805,0
200453,26,Company Invited,2,23,Salaried,Female,2,3,Basic,3,Married,1,1,5,0,1,Executive,17741,1
200454,29,Enquiry,1,,Large Business,Male,2,3,Deluxe,3,Married,5,0,5,0,0,Manager,,0
200455,33,Enquiry,1,6,SmallBusiness,Female,3,2,Super Deluxe,3,Married,5,0,2,0,2,AVP,31184,0
200456,31,Enquiry,3,13,Salaried,Male,2,4,Standard,3,Married,1,0,3,1,0,Senior Manager,26557,0
200457,18,Company Invited,3,11,SmallBusiness,Male,3,3,Basic,4,Single,2,1,4,1,2,Executive,16878,1
200458,40,Company Invited,3,34,Salaried,Male,2,5,Standard,5,Married,4,0,5,1,0,Senior Manager,25932,0
200459,41,Company Invited,1,8,Salaried,Female,3,4,Deluxe,3,Unmarried,3,1,2,0,0,Manager,21811,0
200460,26,Enquiry,3,,SmallBusiness,Male,2,3,Deluxe,3,Married,6,0,5,1,0,Manager,,0
200461,35,Enquiry,3,,SmallBusiness,Female,3,3,Deluxe,3,Single,2,0,4,0,2,Manager,19859,0
200462,34,Enquiry,3,27,Salaried,Male,3,2,Deluxe,3,Single,2,0,3,1,0,Manager,20337,0
200463,26,Enquiry,1,30,Large Business,Male,3,5,Basic,3,Single,2,1,3,1,2,Executive,17340,1
200464,37,Enquiry,1,6,Large Business,Female,2,3,Standard,3,Unmarried,5,0,5,1,1,Senior Manager,22491,0
200465,46,Company Invited,1,24,SmallBusiness,Female,2,3,Standard,3,Divorced,6,0,3,1,0,Senior Manager,25527,0
200466,41,Enquiry,3,8,Salaried,Female,3,3,Super Deluxe,5,Divorced,1,0,5,1,1,AVP,31595,0
200467,37,Company Invited,3,15,SmallBusiness,Male,3,3,Standard,4,Married,2,0,2,1,0,Senior Manager,23834,0
200468,52,Enquiry,1,12,Large Business,Male,3,3,Deluxe,5,Married,4,1,4,1,2,Manager,20577,0
200469,32,Company Invited,3,,Salaried,Male,2,2,Deluxe,3,Divorced,1,0,3,1,1,Manager,19707,1
200470,24,Company Invited,3,30,SmallBusiness,Male,2,3,Basic,3,Divorced,1,0,4,0,1,Executive,17400,0
200471,38,Enquiry,1,16,SmallBusiness,Female,3,3,Deluxe,3,Divorced,4,0,3,1,2,Manager,24824,0
200472,37,Enquiry,1,6,Salaried,Female,3,3,Deluxe,4,Divorced,7,0,2,1,1,Manager,21447,0
200473,49,Enquiry,1,24,Salaried,Male,2,4,King,3,Married,2,1,3,0,1,VP,34502,0
200474,24,Enquiry,1,29,SmallBusiness,Male,2,2,Basic,3,Divorced,2,1,4,0,1,Executive,17725,0
200475,26,Enquiry,3,34,SmallBusiness,Male,3,3,Deluxe,4,Divorced,2,0,3,1,0,Manager,21272,0
200476,24,Enquiry,1,23,Salaried,Male,3,4,Basic,4,Divorced,2,0,3,1,1,Executive,17127,0
200477,50,Company Invited,2,9,SmallBusiness,Male,2,3,King,4,Divorced,2,0,2,1,0,VP,33200,0
200478,25,Enquiry,3,19,SmallBusiness,Male,2,3,Basic,3,Divorced,2,0,3,1,0,Executive,17096,0
200479,24,Company Invited,1,13,Salaried,Female,2,3,Basic,3,Divorced,2,1,4,0,0,Executive,17886,1
200480,30,Company Invited,3,18,Salaried,Male,3,4,Basic,5,Divorced,2,0,5,1,0,Executive,17033,1
200481,,Enquiry,1,6,Salaried,Male,2,4,Basic,3,Divorced,2,1,2,0,0,Executive,18622,0
200482,31,Enquiry,3,19,SmallBusiness,Male,2,3,Deluxe,5,Married,3,0,2,0,0,Manager,,1
200483,,Enquiry,1,31,Salaried,Male,2,4,Deluxe,3,Single,5,0,2,0,1,Manager,18681,0
200484,31,Enquiry,3,12,SmallBusiness,Male,3,2,Deluxe,3,Married,5,0,5,1,2,Manager,20460,0
200485,27,Enquiry,1,12,SmallBusiness,Female,3,4,Basic,3,Married,1,0,2,1,1,Executive,17187,0
200486,37,Enquiry,3,8,SmallBusiness,Male,3,3,Deluxe,3,Divorced,5,1,3,0,1,Manager,24602,0
200487,20,Enquiry,1,6,Salaried,Female,2,4,Basic,4,Single,2,0,4,1,0,Executive,17836,0
200488,,Enquiry,1,8,Salaried,Female,2,3,Deluxe,3,Divorced,2,0,2,1,0,Manager,,0
200489,43,Enquiry,1,12,Salaried,Male,2,4,Super Deluxe,3,Married,5,1,3,1,0,AVP,31627,0
200490,38,Enquiry,1,6,Salaried,Female,2,3,Basic,5,Single,4,0,2,1,1,Executive,17619,0
200491,43,Company Invited,1,15,SmallBusiness,Male,3,3,Deluxe,3,Married,4,1,3,1,0,Manager,20679,0
200492,48,Enquiry,1,6,Salaried,Female,2,4,Super Deluxe,5,Divorced,1,0,4,0,1,AVP,30402,0
200493,44,Enquiry,2,6,Salaried,Female,2,4,Deluxe,3,Single,5,0,5,1,1,Manager,20985,0
200494,34,Enquiry,3,20,Large Business,Female,2,3,Basic,3,Married,2,1,5,1,1,Executive,17579,0
200495,27,Enquiry,3,8,SmallBusiness,Male,2,3,Basic,5,Married,1,0,5,0,1,Executive,18041,1
200496,,Enquiry,3,28,Large Business,Male,2,3,Basic,3,Single,2,0,2,1,1,Executive,18447,0
200497,44,Enquiry,1,9,Salaried,Male,2,3,King,3,Divorced,5,1,2,1,0,VP,34513,0
200498,22,Enquiry,1,12,SmallBusiness,Male,3,3,Basic,3,Divorced,1,0,2,1,0,Executive,17773,0
200499,33,Enquiry,3,14,SmallBusiness,Male,2,3,Deluxe,3,Married,1,0,2,1,1,Manager,22104,0
200500,32,Enquiry,1,15,Salaried,Female,3,3,Deluxe,3,Divorced,2,1,5,1,2,Manager,21322,0
200501,30,Company Invited,1,9,SmallBusiness,Female,3,3,Basic,3,Married,2,0,3,1,1,Executive,17083,0
200502,53,Enquiry,3,6,SmallBusiness,Female,2,3,Deluxe,5,Unmarried,1,0,2,1,1,Manager,23381,0
200503,34,Enquiry,1,6,Salaried,Male,2,3,Basic,3,Divorced,2,0,3,1,0,Executive,17691,0
200504,45,Company Invited,3,,Salaried,Female,3,3,Deluxe,5,Divorced,3,0,2,0,0,Manager,,1
200505,26,Enquiry,1,12,Salaried,Female,3,3,Basic,3,Divorced,2,1,2,0,0,Executive,17659,0
200506,37,Enquiry,1,9,Salaried,Male,2,3,Standard,3,Divorced,2,0,2,1,0,Senior Manager,24434,0
200507,29,Enquiry,3,9,SmallBusiness,Female,3,3,Deluxe,3,Divorced,2,0,2,0,0,Manager,20561,0
200508,35,Enquiry,1,12,Salaried,Male,2,5,Deluxe,3,Unmarried,2,0,5,1,0,Manager,21646,0
200509,33,Company Invited,1,12,Salaried,Male,1,3,Deluxe,3,Married,4,0,5,1,0,Manager,22725,0
200510,54,Enquiry,2,25,SmallBusiness,Male,2,3,Standard,4,Divorced,3,0,3,1,0,Senior Manager,25725,0
200511,36,Enquiry,1,15,SmallBusiness,Male,2,4,Deluxe,4,Married,3,1,4,1,0,Manager,23847,0
200512,27,Enquiry,1,9,SmallBusiness,Male,2,4,Basic,3,Single,1,0,2,0,0,Executive,17045,0
200513,20,Enquiry,1,16,SmallBusiness,Male,2,3,Basic,3,Single,2,1,5,0,0,Executive,16009,1
200514,33,Company Invited,1,9,Salaried,Male,3,3,Basic,5,Single,2,1,5,1,2,Executive,18348,1
200515,35,Company Invited,1,9,Salaried,Male,2,4,Basic,3,Divorced,2,0,2,1,1,Executive,16281,0
200516,23,Enquiry,1,10,SmallBusiness,Male,2,2,Basic,5,Divorced,3,0,4,0,1,Executive,17819,0
200517,25,Enquiry,3,,Salaried,Male,2,2,Deluxe,4,Divorced,1,0,4,0,0,Manager,19851,0
200518,,Enquiry,3,13,SmallBusiness,Female,2,4,Deluxe,3,Single,1,0,2,1,1,Manager,,0
200519,29,Company Invited,1,6,Salaried,Male,3,5,Basic,3,Married,2,0,2,1,0,Executive,17720,0
200520,48,Enquiry,3,8,SmallBusiness,Male,2,2,Deluxe,4,Divorced,4,0,3,1,0,Manager,23120,0
200521,27,Company Invited,3,,SmallBusiness,Female,3,2,Deluxe,3,Married,2,1,2,1,2,Manager,19647,0
200522,37,Enquiry,1,,Salaried,Male,3,2,Basic,3,Single,4,0,4,1,1,Executive,19680,0
200523,50,Enquiry,1,34,SmallBusiness,Male,3,2,Basic,3,Divorced,2,1,2,1,2,Executive,18221,0
200524,34,Enquiry,1,15,SmallBusiness,Fe Male,2,4,Standard,4,Unmarried,2,0,2,1,1,Senior Manager,23621,0
200525,24,Enquiry,3,,Salaried,Female,3,3,Deluxe,3,Single,1,0,2,1,0,Manager,19577,1
200526,39,Enquiry,1,,Large Business,Female,3,4,Deluxe,3,Single,2,0,2,1,0,Manager,19553,0
200527,32,Enquiry,3,16,SmallBusiness,Male,2,3,Deluxe,3,Single,2,0,4,0,1,Manager,20396,0
200528,50,Company Invited,3,14,Large Business,Male,2,3,Deluxe,3,Divorced,4,1,5,1,0,Manager,21796,1
200529,38,Enquiry,1,6,Salaried,Female,2,2,Deluxe,3,Unmarried,1,0,2,1,1,Manager,22625,0
200530,27,Enquiry,1,6,Salaried,Female,3,3,Standard,5,Divorced,2,0,4,1,2,Senior Manager,22412,0
200531,32,Enquiry,1,9,Salaried,Fe Male,2,3,Standard,3,Unmarried,4,0,2,1,1,Senior Manager,26159,0
200532,47,Enquiry,3,20,SmallBusiness,Male,2,,Deluxe,5,Single,3,0,2,0,1,Manager,19960,0
200533,40,Company Invited,3,11,Salaried,Male,2,4,Standard,5,Divorced,6,1,5,0,1,Senior Manager,25475,0
200534,53,Enquiry,1,13,Salaried,Male,2,2,Super Deluxe,3,Divorced,4,0,2,0,0,AVP,29814,0
200535,41,Enquiry,2,16,Salaried,Male,3,4,King,3,Married,4,0,2,1,0,VP,34141,0
200536,60,Enquiry,3,22,SmallBusiness,Male,2,3,Deluxe,5,Single,1,0,4,1,0,Manager,20405,0
200537,27,Company Invited,1,16,Salaried,Male,2,3,Standard,5,Married,2,0,3,1,0,Senior Manager,23793,0
200538,41,Enquiry,2,6,Salaried,Male,2,4,King,3,Divorced,2,0,2,1,1,VP,34189,0
200539,,Enquiry,3,14,SmallBusiness,Male,2,3,Basic,4,Divorced,1,0,2,1,0,Executive,,0
200540,28,Enquiry,1,6,Salaried,Female,3,5,Basic,4,Single,1,1,2,1,0,Executive,17216,1
200541,36,Company Invited,1,14,Salaried,Female,3,2,Standard,5,Divorced,1,0,3,0,0,Senior Manager,26713,0
200542,38,Enquiry,1,6,Salaried,Female,2,3,Standard,3,Unmarried,5,1,2,0,1,Senior Manager,22861,0
200543,,Company Invited,1,30,SmallBusiness,Male,2,5,Basic,3,Single,3,0,3,0,1,Executive,18708,0
200544,47,Company Invited,3,9,SmallBusiness,Female,2,3,Super Deluxe,3,Married,1,1,5,1,1,AVP,28770,0
200545,30,Enquiry,3,33,SmallBusiness,Male,2,3,Deluxe,3,Married,1,0,3,1,0,Manager,20304,0
200546,29,Enquiry,3,16,Salaried,Male,2,3,Basic,3,Single,2,0,4,0,0,Executive,17642,0
200547,42,Company Invited,1,25,SmallBusiness,Male,2,2,Basic,3,Married,7,1,3,1,1,Executive,17759,1
200548,43,Company Invited,3,21,Salaried,Male,2,4,Deluxe,3,Divorced,4,0,5,0,1,Manager,21804,0
200549,34,Enquiry,1,14,SmallBusiness,Female,3,3,Deluxe,3,Single,4,0,4,1,1,Manager,21142,0
200550,23,Enquiry,1,15,SmallBusiness,Male,2,3,Basic,5,Divorced,2,0,3,0,1,Executive,17500,0
200551,39,Enquiry,2,9,Salaried,Female,2,2,Deluxe,4,Divorced,1,0,2,1,0,Manager,21389,0
200552,56,Enquiry,1,15,SmallBusiness,Male,2,3,Super Deluxe,3,Divorced,1,0,4,0,0,AVP,26103,0
200553,40,Enquiry,1,8,SmallBusiness,Female,2,4,Basic,3,Single,1,1,3,1,1,Executive,17342,0
200554,27,Enquiry,1,13,SmallBusiness,Female,2,4,Deluxe,5,Unmarried,1,0,3,1,0,Manager,21811,0
200555,29,Enquiry,3,16,SmallBusiness,Male,2,3,Basic,4,Married,2,0,2,0,1,Executive,17297,0
200556,53,Enquiry,1,12,Salaried,Male,2,3,Deluxe,3,Single,3,0,5,1,0,Manager,17450,0
200557,35,Company Invited,1,8,Salaried,Female,3,3,Deluxe,5,Married,3,0,4,0,0,Manager,20093,0
200558,32,Company Invited,1,30,Salaried,Male,3,3,Deluxe,3,Divorced,2,0,4,1,0,Manager,20309,0
200559,38,Enquiry,1,8,SmallBusiness,Male,3,3,Basic,3,Divorced,7,1,4,0,0,Executive,18057,0
200560,34,Enquiry,1,14,Salaried,Female,2,3,Deluxe,5,Married,4,0,5,1,0,Manager,20121,0
200561,52,Enquiry,3,9,SmallBusiness,Male,2,4,Super Deluxe,5,Divorced,2,0,5,1,0,AVP,31856,0
200562,33,Enquiry,1,6,Salaried,Male,3,3,Basic,3,Single,2,1,3,1,0,Executive,17686,1
200563,25,Enquiry,3,32,SmallBusiness,Female,2,3,Deluxe,3,Single,2,0,4,0,0,Manager,21180,0
200564,45,Enquiry,3,8,Large Business,Male,2,5,Deluxe,3,Unmarried,1,0,5,0,0,Manager,21632,0
200565,,Enquiry,1,16,SmallBusiness,Male,3,2,Basic,3,Single,2,0,2,1,1,Executive,18505,0
200566,47,Company Invited,3,33,Salaried,Female,3,1,Deluxe,3,Unmarried,5,1,4,1,2,Manager,21397,1
200567,34,Enquiry,3,8,Salaried,Male,2,3,Deluxe,3,Single,2,0,5,0,0,Manager,21274,0
200568,55,Enquiry,1,8,SmallBusiness,Male,3,3,King,5,Divorced,6,1,2,1,,VP,34859,1
200569,36,Company Invited,3,14,Salaried,Male,3,4,Standard,5,Unmarried,2,0,2,0,2,Senior Manager,22587,0
200570,52,Company Invited,1,,SmallBusiness,Male,2,3,Basic,3,Divorced,1,0,3,1,0,Executive,,0
200571,26,,1,,Salaried,Female,3,5,Basic,3,Married,4,0,4,1,2,Executive,,0
200572,29,,1,,SmallBusiness,Female,3,3,Deluxe,3,Divorced,5,0,2,1,0,Manager,,0
200573,26,Enquiry,3,14,Large Business,Male,2,4,Deluxe,5,Single,7,0,3,1,1,Manager,20326,1
200574,34,Enquiry,1,6,Salaried,Female,3,1,Basic,3,Single,3,0,2,0,0,Executive,18280,0
200575,54,Enquiry,1,25,SmallBusiness,Female,3,3,Deluxe,5,Married,1,1,3,0,0,Manager,20485,0
200576,27,,3,,SmallBusiness,Male,2,3,Deluxe,3,Divorced,1,0,3,0,1,Manager,,0
200577,37,Enquiry,1,16,Salaried,Female,2,3,Basic,5,Married,1,1,3,1,1,Executive,17782,0
200578,38,Company Invited,1,8,Salaried,Female,3,1,Deluxe,5,Single,7,1,2,1,2,Manager,20980,0
200579,34,,1,,SmallBusiness,Female,2,4,Basic,5,Single,2,0,2,1,1,Executive,,0
200580,35,Enquiry,3,14,Salaried,Female,3,3,Basic,3,Divorced,2,0,3,0,0,Executive,17572,0
200581,,Enquiry,1,6,Salaried,Male,2,5,Basic,3,Divorced,4,0,4,1,0,Executive,,0
200582,40,Company Invited,1,,SmallBusiness,Female,2,1,Deluxe,4,Divorced,2,0,3,0,1,Manager,,0
200583,34,Enquiry,3,14,Salaried,Female,3,3,Deluxe,5,Divorced,6,0,2,1,0,Manager,21500,0
200584,42,Company Invited,1,14,Salaried,Male,3,3,King,3,Married,2,0,5,0,1,VP,33430,0
200585,23,Enquiry,1,12,Salaried,Male,3,1,Basic,5,Divorced,2,1,3,1,2,Executive,16601,1
200586,24,Company Invited,1,15,Salaried,Male,2,4,Basic,4,Married,2,0,5,1,0,Executive,17694,0
200587,52,Enquiry,1,17,Salaried,Female,2,3,Deluxe,3,Divorced,1,0,2,1,1,Manager,18149,0
200588,50,Enquiry,1,8,SmallBusiness,Male,3,3,Super Deluxe,3,Divorced,6,0,2,0,1,AVP,32639,0
200589,29,Enquiry,1,6,Salaried,Female,2,4,Basic,5,Divorced,2,1,2,0,0,Executive,17319,1
200590,33,Enquiry,1,13,SmallBusiness,Male,2,3,Standard,3,Divorced,1,0,4,0,0,Senior Manager,26691,0
200591,33,Enquiry,3,22,SmallBusiness,Female,3,3,Deluxe,5,Single,6,0,3,1,0,Manager,20324,1
200592,47,Enquiry,1,8,Salaried,Female,2,3,Super Deluxe,3,Divorced,2,1,4,1,0,AVP,31752,0
200593,36,Enquiry,1,6,Salaried,Female,2,3,Deluxe,4,Divorced,1,0,5,0,0,Manager,20228,0
200594,29,Enquiry,1,29,Salaried,Male,2,1,Basic,3,Divorced,2,0,2,1,1,Executive,17700,0
200595,58,Enquiry,1,8,Salaried,Male,2,3,King,4,Single,1,1,3,1,1,VP,34246,1
200596,35,Enquiry,1,6,Salaried,Female,2,1,Basic,3,Single,4,0,3,0,0,Executive,17506,0
200597,42,Enquiry,1,6,Salaried,Female,2,4,Deluxe,3,Divorced,1,1,3,0,1,Manager,21062,0
200598,28,,1,,SmallBusiness,Male,2,3,Basic,3,Single,7,0,3,0,0,Executive,,1
200599,36,Enquiry,2,19,Salaried,Male,2,3,Basic,4,Divorced,5,0,3,1,0,Executive,17143,0
200600,32,Enquiry,1,10,Salaried,Female,3,4,Deluxe,3,Divorced,2,0,4,1,0,Manager,21162,0
200601,40,Company Invited,1,22,SmallBusiness,Male,2,4,Deluxe,3,Single,7,0,5,1,1,Manager,20094,0
200602,30,Enquiry,1,8,SmallBusiness,Female,2,4,Deluxe,3,Unmarried,6,1,2,1,1,Manager,21877,0
200603,45,Enquiry,1,8,Salaried,Female,3,4,Basic,3,Single,2,0,3,1,1,Executive,17274,0
200604,42,Enquiry,1,,Salaried,Male,3,3,Deluxe,4,Divorced,2,0,3,1,1,Manager,,0
200605,38,Company Invited,1,18,Salaried,Male,2,4,Deluxe,5,Married,3,0,5,1,0,Manager,21288,0
200606,34,Company Invited,1,22,Salaried,Female,3,4,Basic,3,Single,2,0,5,1,1,Executive,17553,0
200607,49,Enquiry,3,17,SmallBusiness,Female,2,3,Standard,3,Divorced,2,0,4,0,1,Senior Manager,22654,1
200608,55,Enquiry,3,8,SmallBusiness,Male,2,3,Deluxe,3,Single,5,0,2,0,1,Manager,20160,1
200609,43,Enquiry,1,20,Salaried,Male,3,3,Super Deluxe,5,Divorced,7,0,5,1,0,AVP,32159,0
200610,27,Enquiry,1,11,Large Business,Male,2,4,Standard,3,Married,2,1,3,0,0,Senior Manager,27808,0
200611,35,Enquiry,1,13,Salaried,Male,2,3,Standard,3,Unmarried,4,0,3,0,0,Senior Manager,25221,0
200612,28,Enquiry,3,,SmallBusiness,Female,2,3,Deluxe,4,Divorced,2,1,3,1,0,Manager,19779,0
200613,,Enquiry,2,9,Salaried,Male,2,3,Basic,3,Divorced,1,0,2,1,1,Executive,,0
200614,26,Company Invited,1,11,SmallBusiness,Female,2,4,Basic,3,Divorced,2,1,2,0,1,Executive,17366,1
200615,27,Company Invited,1,9,SmallBusiness,Male,2,3,Basic,3,Divorced,2,0,2,1,0,Executive,16706,0
200616,51,Enquiry,3,32,SmallBusiness,Female,3,3,Super Deluxe,3,Divorced,3,0,3,0,1,AVP,31307,0
200617,44,Enquiry,1,10,SmallBusiness,Male,2,3,Deluxe,4,Single,1,0,2,1,0,Manager,20933,0
200618,,Enquiry,1,8,SmallBusiness,Male,3,1,Basic,5,Single,1,0,2,1,2,Executive,18424,0
200619,,Enquiry,3,6,SmallBusiness,Male,2,1,Deluxe,5,Married,2,0,4,0,0,Manager,,0
200620,35,Enquiry,1,33,SmallBusiness,Female,2,4,Basic,5,Single,2,0,4,1,1,Executive,17559,0
200621,36,Enquiry,3,6,Salaried,Male,2,3,Deluxe,3,Divorced,2,1,3,1,1,Manager,21201,0
200622,32,,3,,Salaried,Male,3,3,Deluxe,3,Married,3,0,2,0,0,Manager,,0
200623,,Company Invited,1,11,Salaried,Male,3,4,Basic,3,Married,1,0,5,0,0,Executive,,0
200624,53,Enquiry,3,13,SmallBusiness,Female,3,4,Standard,3,Divorced,1,1,2,0,0,Senior Manager,25934,0
200625,45,Enquiry,3,15,SmallBusiness,Male,3,3,Standard,5,Married,5,1,2,1,0,Senior Manager,25761,0
200626,32,Enquiry,1,14,SmallBusiness,Female,3,1,Deluxe,3,Divorced,6,0,3,1,2,Manager,20175,0
200627,52,Company Invited,1,31,SmallBusiness,Female,2,4,Super Deluxe,3,Divorced,4,0,5,0,1,AVP,28826,0
200628,37,Enquiry,3,22,SmallBusiness,Male,3,4,Deluxe,3,Married,5,0,5,1,2,Manager,21334,0
200629,28,Enquiry,2,14,SmallBusiness,Male,3,,Basic,3,Married,2,0,2,0,1,Executive,19936,0
200630,22,Enquiry,1,,Salaried,Male,2,4,Deluxe,3,Divorced,7,0,2,1,0,Manager,19775,0
200631,44,Enquiry,1,14,Salaried,Male,3,1,Basic,3,Divorced,3,1,3,1,2,Executive,17818,0
200632,42,Company Invited,1,8,SmallBusiness,Male,2,3,Basic,3,Single,6,1,2,0,1,Executive,17515,0
200633,36,Enquiry,2,14,Salaried,Male,3,4,Basic,5,Divorced,1,0,2,1,2,Executive,17342,0
200634,,Enquiry,3,9,Salaried,Male,3,3,Deluxe,5,Divorced,2,1,4,1,0,Manager,,0
200635,35,Enquiry,1,15,Salaried,Female,3,4,Standard,3,Divorced,2,1,4,1,1,Senior Manager,25685,0
200636,35,Company Invited,1,31,Salaried,Female,3,3,Basic,4,Married,2,1,3,0,0,Executive,17022,1
200637,32,Company Invited,1,6,Salaried,Male,3,3,Basic,3,Married,1,0,5,0,0,Executive,17314,0
200638,25,Enquiry,3,,SmallBusiness,Male,2,4,Deluxe,5,Divorced,2,0,3,1,1,Manager,,0
200639,,Enquiry,1,6,Large Business,Female,2,3,Basic,5,Divorced,3,0,4,1,0,Executive,18580,0
200640,24,Company Invited,1,10,Salaried,Male,2,4,Basic,3,Divorced,1,0,3,0,0,Executive,18162,0
200641,32,Company Invited,3,11,Salaried,Male,2,3,Deluxe,4,Divorced,2,0,3,1,1,Manager,21524,0
200642,38,Enquiry,3,15,SmallBusiness,Male,3,4,Basic,4,Divorced,1,0,4,0,0,Executive,17899,0
200643,42,Enquiry,1,9,Salaried,Female,3,1,Deluxe,3,Divorced,3,1,5,0,0,Manager,20231,0
200644,31,Enquiry,1,17,Salaried,Male,2,3,Basic,3,Divorced,4,1,3,1,1,Executive,17356,0
200645,29,Enquiry,3,6,SmallBusiness,Female,2,4,Basic,3,Married,7,1,2,0,1,Executive,17800,1
200646,53,Enquiry,3,14,SmallBusiness,Male,3,3,Super Deluxe,3,Divorced,6,0,3,0,2,AVP,26836,0
200647,35,Enquiry,1,31,Large Business,Male,3,4,Standard,4,Divorced,4,0,3,1,1,Senior Manager,25903,0
200648,37,Company Invited,3,27,SmallBusiness,Female,2,3,Basic,3,Divorced,6,0,2,1,1,Executive,17973,0
200649,53,Enquiry,1,29,Salaried,Female,3,3,Super Deluxe,3,Single,7,0,5,1,1,AVP,29275,0
200650,43,Company Invited,1,6,Salaried,Female,2,3,Deluxe,3,Divorced,5,0,2,1,1,Manager,20562,0
200651,47,Enquiry,3,,SmallBusiness,Female,2,3,Deluxe,3,Divorced,1,1,2,1,0,Manager,19537,0
200652,37,Company Invited,3,25,SmallBusiness,Male,2,3,Standard,4,Unmarried,2,1,5,0,0,Senior Manager,22642,0
200653,50,Company Invited,1,8,Salaried,Male,3,3,Super Deluxe,5,Married,2,0,5,1,2,AVP,32924,0
200654,39,Enquiry,2,8,Salaried,Female,2,4,Deluxe,3,Divorced,1,0,3,0,0,Manager,20204,0
200655,33,Enquiry,2,9,Salaried,Male,2,3,Basic,4,Married,4,1,5,0,1,Executive,17277,0
200656,32,Enquiry,1,31,Salaried,Male,2,3,Basic,3,Single,2,1,5,1,0,Executive,17795,1
200657,29,Enquiry,1,13,SmallBusiness,Female,3,4,Basic,3,Married,7,0,5,1,0,Executive,17532,0
200658,44,Enquiry,1,15,Salaried,Male,3,3,Basic,5,Divorced,2,1,3,1,0,Executive,17559,0
200659,28,Enquiry,3,11,SmallBusiness,Male,3,3,Deluxe,3,Single,2,0,3,1,0,Manager,19908,0
200660,58,Company Invited,1,8,Salaried,Male,2,4,Basic,3,Married,1,1,2,0,0,Executive,17380,1
200661,43,Enquiry,1,,Salaried,Female,2,3,Deluxe,4,Married,5,0,3,1,0,Manager,19765,0
200662,20,Enquiry,3,8,SmallBusiness,Female,2,4,Basic,3,Single,2,0,4,0,1,Executive,17044,1
200663,21,Enquiry,1,24,Salaried,Female,3,3,Basic,3,Single,2,0,3,1,1,Executive,17693,1
200664,36,Enquiry,1,20,Salaried,Male,3,3,Deluxe,3,Divorced,1,1,5,1,2,Manager,21586,0
200665,47,Enquiry,3,8,Salaried,Female,3,4,Basic,3,Single,2,1,2,1,0,Executive,18294,0
200666,,Enquiry,1,9,Salaried,Female,2,3,Deluxe,3,Divorced,1,1,5,1,1,Manager,,1
200667,41,Enquiry,1,8,Salaried,Female,2,5,Basic,3,Married,5,1,3,0,0,Executive,17778,1
200668,28,Enquiry,1,15,SmallBusiness,Female,3,3,Basic,3,Married,6,0,3,1,1,Executive,17377,0
200669,39,Enquiry,1,12,SmallBusiness,Male,3,3,Basic,5,Divorced,1,1,2,1,1,Executive,17404,1
200670,27,Enquiry,1,10,Salaried,Female,3,3,Basic,3,Single,2,0,2,1,1,Executive,17318,0
200671,34,Enquiry,1,16,Salaried,Male,2,3,Basic,4,Married,2,0,2,1,0,Executive,17008,0
200672,42,Enquiry,3,20,SmallBusiness,Female,3,4,Deluxe,3,Single,1,0,3,0,0,Manager,21244,0
200673,33,Enquiry,1,6,Salaried,Male,3,4,Basic,5,Single,4,1,4,0,0,Executive,17799,0
200674,58,Enquiry,1,11,Large Business,Female,2,4,Standard,4,Married,3,1,5,1,1,Senior Manager,25552,0
200675,31,Enquiry,3,13,Salaried,Male,2,4,Basic,3,Divorced,4,0,4,1,1,Executive,17329,0
200676,,Enquiry,1,27,Salaried,Female,2,3,Deluxe,3,Divorced,2,1,3,0,1,Manager,,0
200677,49,Enquiry,1,14,Salaried,Female,2,3,Standard,4,Divorced,5,0,4,0,0,Senior Manager,22403,0
200678,48,Enquiry,1,26,SmallBusiness,Male,2,3,Basic,3,Divorced,5,0,2,0,0,Executive,17259,0
200679,31,Company Invited,3,26,SmallBusiness,Female,2,3,Deluxe,3,Divorced,2,0,2,1,0,Manager,21932,0
200680,36,Enquiry,1,,Salaried,Male,3,3,Basic,3,Single,3,0,3,0,2,Executive,19678,0
200681,38,Enquiry,1,6,Large Business,Female,3,3,Standard,5,Divorced,2,0,4,1,2,Senior Manager,28582,0
200682,32,Company Invited,1,6,Salaried,Female,3,4,Basic,4,Divorced,7,0,3,1,0,Executive,17332,0
200683,25,Enquiry,3,25,SmallBusiness,Male,2,4,Basic,4,Divorced,2,1,2,0,0,Executive,17413,1
200684,40,Enquiry,3,16,SmallBusiness,Male,3,4,Standard,4,Married,3,0,4,1,1,Senior Manager,24705,0
200685,26,Company Invited,3,,SmallBusiness,Male,2,4,Deluxe,5,Single,2,0,3,1,1,Manager,,0
200686,41,Enquiry,1,,SmallBusiness,Male,2,3,Basic,5,Single,3,1,4,1,0,Executive,19721,0
200687,36,Enquiry,1,8,SmallBusiness,Male,3,3,Basic,3,Single,5,0,5,1,0,Executive,17519,0
200688,19,Enquiry,3,27,Salaried,Male,2,4,Basic,4,Single,2,1,2,0,1,Executive,17121,1
200689,20,Enquiry,1,10,Large Business,Male,2,3,Basic,5,Single,2,0,3,1,1,Executive,17973,1
200690,31,Enquiry,1,18,SmallBusiness,Female,2,3,Deluxe,3,Divorced,1,1,4,0,1,Manager,20855,0
200691,,Company Invited,1,15,SmallBusiness,Male,2,3,Basic,4,Married,1,1,4,0,1,Executive,18617,0
200692,32,Enquiry,1,9,SmallBusiness,Female,3,3,Deluxe,5,Divorced,2,0,2,1,1,Manager,21725,0
200693,36,Enquiry,3,9,Salaried,Male,2,4,Standard,3,Divorced,2,1,2,1,0,Senior Manager,25325,1
200694,33,Enquiry,1,6,Salaried,Female,2,4,Deluxe,3,Unmarried,1,0,4,0,0,Manager,21949,0
200695,37,Enquiry,3,6,Salaried,Male,2,4,Standard,3,Divorced,6,0,2,1,1,Senior Manager,25609,1
200696,45,Company Invited,1,,Salaried,Male,2,3,Deluxe,4,Divorced,2,0,4,1,1,Manager,,0
200697,29,Company Invited,3,26,Large Business,Female,2,3,Basic,3,Divorced,2,0,3,0,1,Executive,17157,0
200698,35,Enquiry,3,,SmallBusiness,Female,2,3,Deluxe,3,Divorced,2,0,4,1,0,Manager,19601,0
200699,52,Enquiry,1,6,Salaried,Male,3,3,Super Deluxe,3,Divorced,3,0,2,1,1,AVP,32099,0
200700,58,Enquiry,1,8,Large Business,Male,2,3,Basic,3,Single,5,0,2,1,1,Executive,17479,1
200701,53,Enquiry,3,8,SmallBusiness,Male,2,3,Super Deluxe,3,Married,7,0,3,1,0,AVP,29852,0
200702,30,Enquiry,3,14,Salaried,Male,3,3,Standard,3,Married,6,0,3,1,0,Senior Manager,22264,0
200703,38,Company Invited,3,16,Large Business,Female,2,3,Deluxe,3,Single,2,1,3,0,1,Manager,20666,0
200704,35,Enquiry,3,9,Salaried,Male,3,3,Standard,3,Married,7,0,5,0,1,Senior Manager,22823,0
200705,39,Enquiry,3,8,Salaried,Male,2,1,Standard,3,Unmarried,1,0,2,1,1,Senior Manager,22880,0
200706,40,Company Invited,3,30,Salaried,Fe Male,3,1,Super Deluxe,4,Unmarried,5,1,3,1,2,AVP,28194,1
200707,47,Company Invited,1,22,SmallBusiness,Male,3,1,Deluxe,3,Married,2,1,2,0,0,Manager,20067,0
200708,36,Company Invited,3,14,Large Business,Male,2,3,Deluxe,3,Married,5,0,3,1,0,Manager,20079,0
200709,31,Company Invited,1,15,SmallBusiness,Male,2,4,Basic,5,Single,1,1,3,1,0,Executive,17321,1
200710,33,Company Invited,3,23,Salaried,Male,2,3,Super Deluxe,3,Single,2,0,3,1,1,AVP,32444,0
200711,29,Enquiry,1,16,Salaried,Female,3,4,Basic,5,Single,7,1,5,1,1,Executive,17404,1
200712,,Enquiry,1,19,Salaried,Female,2,3,Basic,3,Single,4,0,3,1,0,Executive,18452,0
200713,45,Enquiry,1,6,SmallBusiness,Female,3,3,Basic,3,Married,4,0,5,0,1,Executive,17270,0
200714,50,Enquiry,1,6,SmallBusiness,Male,3,3,Super Deluxe,3,Married,1,0,5,0,2,AVP,32399,0
200715,33,Company Invited,1,6,Salaried,Female,2,1,Deluxe,4,Divorced,2,1,3,0,1,Manager,20488,0
200716,41,Company Invited,1,15,SmallBusiness,Male,3,3,King,3,Married,3,0,4,1,2,VP,34419,0
200717,27,Enquiry,1,22,Large Business,Female,2,3,Basic,4,Divorced,1,0,2,1,0,Executive,17811,0
200718,,Company Invited,1,29,Salaried,Male,2,3,Deluxe,5,Divorced,2,1,2,1,0,Manager,18633,0
200719,,Enquiry,3,10,Salaried,Female,2,3,Deluxe,3,Single,2,1,3,1,1,Manager,,0
200720,30,Enquiry,1,28,Salaried,Female,2,3,Basic,3,Divorced,5,1,2,0,1,Executive,17132,1
200721,50,Enquiry,1,30,Salaried,Male,3,3,Super Deluxe,3,Divorced,4,1,4,0,0,AVP,28973,0
200722,38,Company Invited,1,16,SmallBusiness,Male,3,3,Basic,3,Divorced,1,0,5,0,2,Executive,17684,0
200723,46,Enquiry,1,13,SmallBusiness,Male,3,3,Standard,3,Married,7,0,2,0,2,Senior Manager,25845,0
200724,24,,1,,SmallBusiness,Female,2,4,Deluxe,3,Married,2,0,3,1,1,Manager,,0
200725,,Enquiry,1,20,Salaried,Male,2,4,Basic,4,Married,2,1,5,1,1,Executive,,1
200726,,Company Invited,1,6,Salaried,Female,3,3,Deluxe,5,Divorced,2,0,5,1,2,Manager,,0
200727,18,Company Invited,1,11,Salaried,Male,3,3,Basic,3,Single,2,0,2,1,1,Executive,16051,0
200728,54,Enquiry,1,23,Large Business,Female,2,3,Standard,3,Divorced,1,0,5,1,0,Senior Manager,25739,0
200729,35,Enquiry,1,31,SmallBusiness,Female,2,3,Standard,3,Married,2,1,3,1,1,Senior Manager,25388,0
200730,30,Enquiry,1,14,Salaried,Female,3,1,Standard,5,Divorced,1,1,2,0,2,Senior Manager,26416,0
200731,20,Enquiry,1,17,SmallBusiness,Female,3,4,Basic,5,Single,2,1,3,0,1,Executive,17600,1
200732,30,Company Invited,1,11,SmallBusiness,Female,2,3,Basic,4,Single,1,0,3,0,0,Executive,17422,1
200733,26,Enquiry,1,8,SmallBusiness,Male,2,1,Deluxe,3,Divorced,2,0,3,1,1,Manager,20472,0
200734,22,Enquiry,1,14,Salaried,Male,3,5,Basic,5,Divorced,2,0,2,1,0,Executive,17451,0
200735,48,Enquiry,1,,Salaried,Male,3,4,Deluxe,3,Single,3,0,2,0,0,Manager,,0
200736,48,Enquiry,1,10,Salaried,Male,3,4,Standard,3,Unmarried,1,0,5,1,1,Senior Manager,25999,0
200737,41,Enquiry,1,13,SmallBusiness,Female,2,,Deluxe,3,Single,7,0,3,1,0,Manager,20003,0
200738,39,Enquiry,1,6,Salaried,Female,3,4,Super Deluxe,3,Divorced,2,0,3,0,1,AVP,27742,0
200739,27,Enquiry,1,8,Salaried,Female,2,3,Deluxe,3,Divorced,1,0,5,0,1,Manager,,0
200740,,Enquiry,1,16,Salaried,Male,2,3,Basic,3,Married,2,0,5,1,0,Executive,,0
200741,42,Enquiry,3,11,SmallBusiness,Male,2,3,King,3,Divorced,7,0,4,0,1,VP,33303,0
200742,50,Enquiry,1,15,Salaried,Male,3,3,Basic,3,Divorced,5,0,5,1,0,Executive,17380,0
200743,59,Enquiry,1,8,Salaried,Female,3,4,Super Deluxe,3,Single,4,1,5,0,2,AVP,28726,0
200744,37,Enquiry,1,,SmallBusiness,Female,3,5,Deluxe,4,Divorced,6,0,4,1,0,Manager,19777,1
200745,55,Company Invited,1,24,SmallBusiness,Male,3,3,Deluxe,4,Divorced,4,1,5,1,2,Manager,21385,0
200746,41,Company Invited,1,13,Salaried,Female,2,5,King,3,Married,2,0,4,1,,VP,34973,0
200747,38,Enquiry,3,9,Salaried,Male,2,3,Deluxe,3,Unmarried,1,1,3,1,1,Manager,21861,0
200748,26,Company Invited,3,35,SmallBusiness,Male,3,,Deluxe,5,Single,1,0,3,0,0,Manager,19969,1
200749,52,Enquiry,3,8,SmallBusiness,Female,2,5,King,3,Divorced,2,0,3,1,,VP,34845,1
200750,44,Enquiry,3,34,SmallBusiness,Female,2,1,Super Deluxe,3,Divorced,4,1,2,1,1,AVP,28320,0
200751,50,Company Invited,3,6,Salaried,Female,3,3,Deluxe,3,Divorced,1,0,2,1,1,Manager,21347,0
200752,36,Enquiry,1,22,Salaried,Female,2,1,Basic,5,Single,2,0,2,1,0,Executive,17743,1
200753,39,Company Invited,1,28,SmallBusiness,Fe Male,2,3,Standard,5,Unmarried,2,1,5,1,0,Senior Manager,25880,0
200754,33,Company Invited,3,14,Salaried,Female,2,4,Basic,3,Single,1,0,2,1,1,Executive,17342,0
200755,45,Enquiry,3,17,Salaried,Female,2,3,Super Deluxe,3,Divorced,4,0,4,1,1,AVP,32650,0
200756,,Company Invited,1,35,SmallBusiness,Female,3,3,Basic,3,Single,1,0,3,1,0,Executive,,0
200757,34,Enquiry,3,6,SmallBusiness,Male,3,1,Deluxe,3,Married,1,0,5,1,2,Manager,24725,0
200758,59,Enquiry,3,6,Large Business,Male,3,3,Standard,3,Divorced,4,1,2,0,1,Senior Manager,26904,0
200759,45,Enquiry,2,30,SmallBusiness,Male,2,3,Basic,4,Single,2,0,4,0,0,Executive,17177,0
200760,53,Company Invited,3,8,SmallBusiness,Female,2,4,Standard,4,Divorced,3,0,2,0,1,Senior Manager,22525,0
200761,36,Enquiry,1,,Salaried,Male,2,3,Deluxe,3,Married,1,0,4,0,0,Manager,19834,1
200762,26,Company Invited,1,8,Salaried,Male,2,3,Basic,5,Divorced,7,1,5,1,0,Executive,17042,1
200763,34,Enquiry,3,16,Salaried,Female,2,3,Basic,3,Divorced,2,1,2,0,1,Executive,17220,0
200764,28,Enquiry,3,16,SmallBusiness,Male,3,3,Basic,4,Divorced,2,0,5,1,1,Executive,16052,0
200765,38,Company Invited,1,9,Salaried,Male,2,3,Basic,3,Divorced,4,0,3,1,1,Executive,17821,0
200766,50,Enquiry,1,8,SmallBusiness,Male,3,3,King,3,Divorced,3,1,2,1,1,VP,34237,0
200767,,Enquiry,1,9,Salaried,Female,2,3,Deluxe,4,Single,4,0,4,1,0,Manager,,0
200768,40,Enquiry,3,32,SmallBusiness,Male,3,3,Deluxe,5,Divorced,2,0,2,1,1,Manager,23396,0
200769,26,Company Invited,1,6,SmallBusiness,Female,3,4,Basic,3,Married,2,0,2,1,0,Executive,17007,0
200770,46,Enquiry,1,6,SmallBusiness,Male,2,3,King,3,Married,1,0,5,1,1,VP,34627,0
200771,54,Enquiry,3,8,Salaried,Female,2,4,Standard,3,Divorced,7,0,5,1,0,Senior Manager,25686,0
200772,56,Company Invited,1,15,SmallBusiness,Female,3,3,Basic,3,Divorced,3,0,2,0,0,Executive,17942,0
200773,36,Enquiry,1,18,SmallBusiness,Fe Male,2,4,Standard,3,Unmarried,1,0,2,1,0,Senior Manager,23858,0
200774,55,Company Invited,1,8,SmallBusiness,Male,2,4,Super Deluxe,5,Single,1,0,3,1,1,AVP,31756,0
200775,43,Enquiry,3,31,SmallBusiness,Male,3,4,Standard,3,Married,6,0,4,1,1,Senior Manager,25798,0
200776,20,Company Invited,3,15,SmallBusiness,Female,2,3,Basic,3,Single,2,1,4,0,0,Executive,17323,1
200777,21,Enquiry,1,16,Salaried,Female,2,4,Basic,5,Single,2,0,3,1,0,Executive,16416,1
200778,46,Enquiry,1,,Salaried,Female,3,4,Deluxe,5,Married,1,1,2,1,2,Manager,19615,0
200779,51,Enquiry,1,10,Salaried,Male,2,3,Basic,3,Divorced,1,1,2,1,1,Executive,17461,1
200780,28,Company Invited,1,30,Large Business,Male,3,4,Standard,5,Unmarried,2,0,2,0,0,Senior Manager,23722,1
200781,,Enquiry,1,6,SmallBusiness,Male,2,4,Basic,5,Divorced,2,0,3,0,1,Executive,,0
200782,30,Enquiry,1,26,Salaried,Male,2,3,Deluxe,5,Divorced,1,0,4,1,0,Manager,24957,0
200783,,Enquiry,1,13,Large Business,Female,2,1,Basic,3,Divorced,2,0,3,1,1,Executive,18376,0
200784,38,Enquiry,1,23,Salaried,Female,3,4,Standard,3,Divorced,1,0,2,0,2,Senior Manager,23823,0
200785,40,Enquiry,1,26,Large Business,Male,3,3,Standard,3,Divorced,5,0,3,1,1,Senior Manager,25322,0
200786,27,Company Invited,1,,Salaried,Male,2,5,Basic,3,Divorced,2,0,2,1,1,Executive,19621,0
200787,55,Company Invited,1,8,Salaried,Male,3,3,Standard,4,Divorced,4,0,2,1,1,Senior Manager,25976,0
200788,,Enquiry,1,16,Salaried,Female,2,3,Deluxe,3,Single,4,0,4,1,1,Manager,18660,0
200789,44,Enquiry,2,6,SmallBusiness,Male,3,4,Standard,5,Divorced,1,0,4,1,0,Senior Manager,25482,1
200790,33,Enquiry,1,11,Salaried,Male,2,4,Standard,3,Married,5,0,3,0,0,Senior Manager,22119,0
200791,35,Enquiry,3,10,Large Business,Male,2,3,Standard,5,Unmarried,1,1,4,1,1,Senior Manager,24582,1
200792,33,Company Invited,1,,SmallBusiness,Female,2,4,Deluxe,3,Single,2,0,5,1,0,Manager,19508,1
200793,28,Enquiry,1,21,Salaried,Male,2,3,Basic,3,Married,2,0,4,1,1,Executive,17207,0
200794,34,Company Invited,1,9,Salaried,Male,2,3,Deluxe,3,Unmarried,1,0,2,1,0,Manager,22756,0
200795,37,Enquiry,3,16,Salaried,Female,2,4,Deluxe,3,Married,3,1,4,0,0,Manager,21694,0
200796,,Enquiry,1,10,Large Business,Male,2,3,Basic,3,Divorced,2,1,3,1,0,Executive,18691,1
200797,26,Enquiry,1,27,SmallBusiness,Male,2,3,Basic,3,Married,2,0,5,1,1,Executive,17377,1
200798,33,Enquiry,1,31,SmallBusiness,Male,2,4,Basic,4,Single,5,1,4,0,0,Executive,17313,1
200799,42,Enquiry,1,8,SmallBusiness,Male,2,3,Super Deluxe,5,Divorced,1,0,3,1,1,AVP,32665,0
200800,28,Company Invited,1,6,SmallBusiness,Male,2,4,Basic,4,Married,2,0,4,0,0,Executive,17596,1
200801,50,Company Invited,3,,Salaried,Male,2,3,Deluxe,3,Single,4,1,2,0,0,Manager,19728,1
200802,33,Company Invited,3,,Salaried,Female,1,3,Deluxe,4,Divorced,1,0,4,1,0,Manager,,0
200803,34,Company Invited,1,9,Salaried,Male,2,4,Basic,3,Divorced,4,0,2,1,0,Executive,17979,0
200804,48,Company Invited,1,6,SmallBusiness,Male,2,1,Super Deluxe,3,Single,3,0,2,0,0,AVP,31885,0
200805,45,Company Invited,3,15,Salaried,Female,3,4,Deluxe,3,Divorced,2,0,3,0,0,Manager,20593,0
200806,52,Enquiry,1,13,Salaried,Male,2,3,Standard,4,Unmarried,1,0,3,1,1,Senior Manager,25445,0
200807,38,Enquiry,3,16,SmallBusiness,Male,3,4,Standard,3,Married,1,1,3,1,0,Senior Manager,23740,0
200808,29,Enquiry,1,34,Salaried,Female,3,3,Basic,3,Married,5,0,5,0,1,Executive,17514,0
200809,28,Enquiry,1,9,SmallBusiness,Female,3,3,Standard,4,Married,1,0,4,0,0,Senior Manager,22655,0
200810,46,Enquiry,3,9,SmallBusiness,Male,2,3,Super Deluxe,3,Divorced,4,0,2,1,0,AVP,32465,0
200811,38,Enquiry,3,8,SmallBusiness,Male,2,3,Standard,4,Unmarried,1,0,4,1,0,Senior Manager,22351,0
200812,43,Company Invited,1,33,Salaried,Female,2,3,Standard,5,Divorced,1,0,4,0,0,Senior Manager,25820,0
200813,39,Company Invited,1,8,Salaried,Male,2,3,Super Deluxe,3,Married,1,0,3,1,0,AVP,27169,1
200814,40,Enquiry,1,20,SmallBusiness,Male,2,4,King,3,Single,2,0,3,1,1,VP,34626,0
200815,21,Enquiry,1,6,Large Business,Female,3,4,Basic,4,Single,2,1,5,0,2,Executive,17070,0
200816,39,Company Invited,1,15,Salaried,Male,3,3,Deluxe,4,Unmarried,21,0,2,1,0,Manager,21782,0
200817,36,Company Invited,1,24,Salaried,Male,3,3,Deluxe,3,Unmarried,3,0,3,1,0,Manager,22779,0
200818,31,Company Invited,3,26,Salaried,Male,3,1,Basic,3,Divorced,1,0,5,1,1,Executive,17791,0
200819,28,Enquiry,1,8,Salaried,Male,3,4,Basic,4,Divorced,1,0,2,0,2,Executive,18201,0
200820,35,Company Invited,3,17,SmallBusiness,Male,2,,Deluxe,3,Married,2,0,5,0,0,Manager,19968,0
200821,49,Enquiry,3,14,Large Business,Male,2,4,Super Deluxe,4,Divorced,7,0,4,1,0,AVP,28120,0
200822,,Company Invited,1,8,Salaried,Male,3,3,Deluxe,3,Single,3,0,4,1,2,Manager,,0
200823,29,Company Invited,1,16,Salaried,Female,3,3,Basic,4,Married,1,0,5,1,0,Executive,18291,0
200824,42,Enquiry,1,,SmallBusiness,Male,2,5,Deluxe,3,Single,5,0,3,1,0,Manager,,0
200825,29,Enquiry,1,14,SmallBusiness,Male,3,4,Deluxe,3,Divorced,2,1,3,0,0,Manager,20056,0
200826,38,Enquiry,2,6,Salaried,Male,2,1,Basic,3,Divorced,2,0,4,1,0,Executive,17844,0
200827,28,Company Invited,1,12,Salaried,Male,2,4,Basic,3,Married,2,1,4,1,0,Executive,17703,0
200828,18,Company Invited,1,14,SmallBusiness,Male,3,3,Basic,3,Single,2,0,5,0,0,Executive,16904,1
200829,33,Enquiry,3,15,SmallBusiness,Female,3,3,Deluxe,5,Unmarried,1,1,3,0,1,Manager,23224,1
200830,41,Enquiry,1,,Salaried,Male,2,3,Basic,3,Divorced,4,1,3,1,0,Executive,19766,0
200831,31,Company Invited,1,21,SmallBusiness,Male,3,3,Basic,3,Divorced,2,0,4,1,2,Executive,17610,1
200832,37,Enquiry,1,31,SmallBusiness,Female,2,4,Deluxe,3,Married,1,0,3,0,1,Manager,20731,0
200833,27,Enquiry,1,12,Salaried,Male,2,4,Basic,3,Divorced,2,0,2,1,1,Executive,17539,0
200834,34,Enquiry,3,15,Salaried,Female,3,3,Deluxe,3,Divorced,2,0,2,1,2,Manager,20714,0
200835,35,Enquiry,2,,Large Business,Male,3,3,Basic,3,Single,2,0,5,0,1,Executive,,0
200836,29,Enquiry,3,29,Salaried,Female,2,4,Standard,5,Divorced,2,0,3,0,0,Senior Manager,22336,1
200837,40,Company Invited,1,15,SmallBusiness,Fe Male,2,3,Standard,3,Unmarried,1,0,4,0,0,Senior Manager,28499,0
200838,42,Company Invited,3,18,Salaried,Male,2,3,Super Deluxe,5,Single,1,1,5,1,1,AVP,28758,1
200839,42,Enquiry,3,10,SmallBusiness,Male,2,3,Deluxe,5,Single,1,0,5,1,1,Manager,20155,0
200840,35,Enquiry,1,6,SmallBusiness,Male,2,4,Basic,3,Divorced,7,0,2,1,1,Executive,17258,0
200841,,Enquiry,1,30,SmallBusiness,Male,2,3,Basic,4,Single,1,0,5,1,0,Executive,18597,0
200842,28,Enquiry,1,18,Salaried,Female,3,3,Basic,3,Divorced,2,1,4,1,0,Executive,17515,1
200843,26,,1,,SmallBusiness,Male,2,1,Basic,3,Divorced,2,0,5,1,1,Executive,,0
200844,30,Enquiry,3,16,SmallBusiness,Male,3,4,Deluxe,3,Divorced,2,0,2,1,0,Manager,21578,0
200845,40,Company Invited,1,,SmallBusiness,Female,3,4,Deluxe,3,Divorced,4,1,2,1,0,Manager,,0
200846,35,Enquiry,1,8,Salaried,Male,2,4,Standard,4,Married,3,0,4,1,0,Senior Manager,25274,0
200847,34,Company Invited,1,6,SmallBusiness,Male,3,4,Deluxe,5,Single,1,0,2,1,2,Manager,20343,0
200848,35,Company Invited,1,10,Salaried,Male,2,4,Basic,3,Divorced,2,0,2,1,0,Executive,17376,0
200849,43,Enquiry,3,15,SmallBusiness,Female,2,5,Deluxe,3,Single,1,0,2,1,1,Manager,20346,1
200850,32,Company Invited,3,8,Salaried,Female,3,3,Basic,5,Married,2,0,3,0,1,Executive,17827,0
200851,56,Enquiry,1,10,Large Business,Female,3,3,King,5,Married,5,0,4,0,,VP,34943,0
200852,29,Enquiry,1,12,SmallBusiness,Female,2,3,Basic,3,Divorced,2,0,3,0,0,Executive,18131,0
200853,19,Enquiry,1,15,Salaried,Male,2,3,Basic,5,Single,2,0,3,0,0,Executive,17552,0
200854,45,Enquiry,1,,SmallBusiness,Female,2,3,Basic,3,Divorced,5,1,3,1,0,Executive,,0
200855,37,Enquiry,1,6,Salaried,Female,2,4,Deluxe,3,Divorced,2,0,2,1,1,Manager,21474,0
200856,20,Enquiry,1,9,Salaried,Male,2,4,Basic,3,Single,2,0,3,0,1,Executive,18033,0
200857,44,Enquiry,1,16,Salaried,Male,3,3,Basic,3,Single,2,1,3,1,2,Executive,17936,1
200858,53,Enquiry,1,13,SmallBusiness,Female,2,3,King,3,Married,4,0,2,1,0,VP,33606,0
200859,29,Enquiry,1,21,Salaried,Female,3,5,Basic,3,Divorced,1,1,5,1,0,Executive,17168,0
200860,22,Company Invited,1,9,Salaried,Male,2,4,Basic,3,Divorced,1,1,3,0,0,Executive,17853,1
200861,46,Enquiry,3,8,SmallBusiness,Female,3,3,Super Deluxe,5,Divorced,1,0,2,1,0,AVP,32048,0
200862,44,Company Invited,1,23,Salaried,Male,3,5,Basic,3,Single,3,0,4,1,0,Executive,17290,0
200863,,Enquiry,2,8,Salaried,Male,2,3,Basic,3,Divorced,2,0,2,0,0,Executive,18600,0
200864,41,Company Invited,1,11,Salaried,Male,3,4,Basic,5,Married,7,0,3,1,0,Executive,17107,1
200865,,Enquiry,3,35,Salaried,Male,3,3,Deluxe,5,Married,1,0,2,1,1,Manager,,0
200866,40,Company Invited,3,,SmallBusiness,Male,3,3,Deluxe,4,Divorced,6,0,4,1,2,Manager,,0
200867,50,Company Invited,1,8,SmallBusiness,Female,1,3,Super Deluxe,5,Divorced,3,0,3,1,0,AVP,32856,0
200868,28,Enquiry,1,25,SmallBusiness,Male,3,4,Basic,5,Divorced,2,0,3,1,2,Executive,18196,0
200869,46,Enquiry,1,21,Salaried,Male,2,3,King,4,Divorced,6,0,3,1,1,VP,34081,0
200870,35,Enquiry,3,23,Salaried,Male,3,3,Deluxe,5,Divorced,4,1,3,1,1,Manager,23966,0
200871,24,Enquiry,1,23,Salaried,Female,3,3,Basic,4,Divorced,2,0,2,0,1,Executive,17210,1
200872,33,Company Invited,3,,SmallBusiness,Female,2,3,Deluxe,3,Divorced,2,0,3,0,1,Manager,19539,0
200873,36,Enquiry,1,12,Salaried,Male,2,5,Basic,3,Married,2,0,2,0,0,Executive,17741,0
200874,,Enquiry,1,13,Salaried,Male,2,3,Deluxe,3,Married,2,0,5,1,1,Manager,18491,0
200875,44,Enquiry,1,,Salaried,Male,2,3,Deluxe,3,Single,2,0,5,1,1,Manager,19541,0
200876,20,Enquiry,3,27,SmallBusiness,Male,2,1,Basic,3,Single,2,0,3,0,0,Executive,17678,0
200877,46,Enquiry,1,8,Large Business,Male,2,3,Deluxe,3,Married,3,0,2,1,0,Manager,22379,0
200878,42,Company Invited,2,8,SmallBusiness,Male,3,1,Deluxe,5,Divorced,1,0,2,0,2,Manager,21272,0
200879,60,Enquiry,3,13,SmallBusiness,Male,2,1,Deluxe,3,Married,1,1,5,0,0,Manager,20220,0
200880,32,Company Invited,1,19,Salaried,Female,3,4,Basic,4,Divorced,2,0,5,0,0,Executive,17743,0
200881,32,Company Invited,1,8,Salaried,Female,2,,Deluxe,3,Single,5,1,5,1,1,Manager,19998,0
200882,36,Enquiry,1,6,Large Business,Female,3,5,Standard,5,Married,3,1,2,1,2,Senior Manager,25252,0
200883,33,Enquiry,1,15,SmallBusiness,Male,2,3,Basic,3,Divorced,1,0,2,1,0,Executive,17781,0
200884,40,Enquiry,3,16,Large Business,Female,2,4,Deluxe,4,Married,1,0,5,1,0,Manager,21852,0
200885,25,Enquiry,3,16,Salaried,Male,2,,Deluxe,3,Single,1,0,2,0,1,Manager,19950,0
200886,,Enquiry,1,6,SmallBusiness,Male,3,3,Basic,4,Divorced,1,1,4,1,2,Executive,18579,0
200887,42,Company Invited,1,32,SmallBusiness,Female,2,3,Standard,5,Divorced,4,1,3,0,1,Senior Manager,28191,0
200888,35,Company Invited,3,14,SmallBusiness,Female,3,4,Standard,3,Divorced,5,1,5,1,2,Senior Manager,25377,0
200889,27,Enquiry,1,20,Salaried,Male,2,3,Basic,5,Divorced,2,1,4,1,0,Executive,17235,0
200890,54,Company Invited,1,6,Salaried,Female,2,3,Standard,3,Married,1,0,5,1,1,Senior Manager,25502,0
200891,44,Enquiry,1,8,Salaried,Female,3,1,Basic,3,Divorced,2,0,4,1,0,Executive,17011,0
200892,19,Company Invited,1,16,SmallBusiness,Female,3,4,Basic,4,Single,2,1,5,1,1,Executive,16859,1
200893,,Enquiry,1,6,Salaried,Female,3,3,Basic,3,Married,2,0,2,0,2,Executive,,0
200894,54,Enquiry,1,9,Salaried,Male,2,3,Super Deluxe,3,Divorced,4,0,5,1,1,AVP,32779,0
200895,31,Enquiry,1,17,SmallBusiness,Male,3,3,Deluxe,5,Divorced,2,1,2,0,2,Manager,21833,0
200896,31,Enquiry,1,30,SmallBusiness,Female,3,4,Deluxe,5,Unmarried,2,0,5,0,2,Manager,21812,0
200897,59,Enquiry,3,9,Salaried,Female,2,4,Deluxe,3,Single,6,0,3,0,0,Manager,20171,0
200898,43,Enquiry,1,9,Salaried,Male,3,5,King,3,Divorced,4,0,5,1,,VP,34740,0
200899,49,Enquiry,1,10,SmallBusiness,Male,2,4,King,3,Divorced,3,0,3,0,0,VP,33711,0
200900,,Company Invited,1,9,Large Business,Male,2,3,Basic,4,Divorced,2,0,3,1,1,Executive,18692,0
200901,48,Enquiry,1,8,Large Business,Male,3,1,Basic,4,Single,6,0,2,0,2,Executive,17559,0
200902,27,Enquiry,1,10,Salaried,Male,3,3,Basic,3,Married,2,0,4,1,1,Executive,17517,0
200903,29,Enquiry,1,13,Salaried,Male,2,3,Deluxe,3,Married,2,1,3,0,0,Manager,21623,0
200904,48,Enquiry,1,6,Salaried,Male,3,4,King,3,Single,7,0,3,1,0,VP,33265,0
200905,29,Enquiry,1,6,Salaried,Female,2,4,Super Deluxe,3,Married,4,0,2,0,1,AVP,31124,0
200906,34,Enquiry,1,26,Large Business,Female,2,1,Basic,3,Divorced,1,0,1,1,0,Executive,17585,0
200907,44,Enquiry,3,11,SmallBusiness,Male,2,3,King,4,Divorced,1,0,5,1,1,VP,33213,0
200908,33,Enquiry,3,16,SmallBusiness,Male,2,1,Standard,3,Married,1,1,4,1,1,Senior Manager,23380,0
200909,19,Enquiry,1,31,Salaried,Female,2,1,Basic,3,Single,2,1,5,1,0,Executive,17994,0
200910,23,Enquiry,1,6,Salaried,Male,2,3,Basic,3,Divorced,2,0,4,0,1,Executive,16223,0
200911,25,Company Invited,3,30,Salaried,Male,3,5,Basic,3,Single,2,1,1,1,1,Executive,16118,1
200912,26,Enquiry,1,10,Salaried,Male,2,3,Basic,3,Single,2,1,1,0,0,Executive,17875,0
200913,45,Enquiry,3,8,SmallBusiness,Female,3,5,King,4,Single,3,1,5,0,2,VP,33824,1
200914,55,Company Invited,1,14,SmallBusiness,Male,2,4,Super Deluxe,4,Married,2,1,3,1,1,AVP,28577,0
200915,21,Company Invited,1,16,Salaried,Female,2,4,Basic,3,Single,2,0,4,1,0,Executive,17625,1
200916,46,Enquiry,3,10,SmallBusiness,Female,2,4,King,4,Divorced,3,0,5,1,0,VP,33789,0
200917,34,Enquiry,3,,SmallBusiness,Female,2,3,Deluxe,5,Single,1,1,3,1,0,Manager,19538,0
200918,51,Company Invited,3,15,Salaried,Male,2,3,King,4,Married,5,1,4,1,,VP,34847,0
200919,59,Enquiry,1,24,SmallBusiness,Male,3,3,Standard,3,Unmarried,7,0,3,1,1,Senior Manager,25512,0
200920,34,Company Invited,1,,SmallBusiness,Female,2,3,Deluxe,4,Married,5,0,3,1,0,Manager,,0
200921,28,Company Invited,1,6,SmallBusiness,Male,2,3,Basic,3,Single,1,1,4,0,0,Executive,17154,0
200922,44,Enquiry,1,10,Salaried,Male,3,1,King,5,Married,2,0,5,1,2,VP,34190,0
200923,34,Company Invited,2,,Salaried,Male,2,4,Deluxe,4,Divorced,5,0,5,0,1,Manager,19490,0
200924,,Enquiry,1,12,Salaried,Male,3,3,Basic,3,Divorced,1,1,3,1,1,Executive,18506,0
200925,42,Enquiry,1,13,SmallBusiness,Female,3,1,Deluxe,4,Divorced,7,1,1,0,0,Manager,17372,0
200926,43,Enquiry,3,10,SmallBusiness,Fe Male,2,4,Standard,3,Unmarried,4,0,3,1,0,Senior Manager,25231,0
200927,36,Enquiry,1,8,Salaried,Female,2,3,Deluxe,4,Single,1,1,3,1,0,Manager,20410,0
200928,44,Enquiry,1,21,SmallBusiness,Female,3,3,Standard,3,Divorced,2,0,3,0,1,Senior Manager,22978,1
200929,,Company Invited,1,8,Salaried,Male,2,4,Basic,3,Divorced,2,1,4,1,0,Executive,,0
200930,51,Company Invited,1,12,SmallBusiness,Female,2,4,Basic,3,Single,1,0,5,1,1,Executive,17838,0
200931,30,Company Invited,1,,SmallBusiness,Female,3,3,Deluxe,3,Single,1,1,3,1,2,Manager,19695,0
200932,29,Enquiry,1,13,Large Business,Female,2,3,Basic,3,Married,4,1,4,1,1,Executive,18339,1
200933,28,Enquiry,1,6,Large Business,Male,2,3,Basic,5,Single,3,0,4,0,0,Executive,17080,0
200934,25,Enquiry,1,6,SmallBusiness,Female,2,3,Basic,4,Single,2,0,3,1,0,Executive,17096,0
200935,32,Enquiry,3,14,SmallBusiness,Male,2,1,Deluxe,3,Divorced,2,0,5,0,0,Manager,21209,0
200936,45,Company Invited,1,31,SmallBusiness,Female,2,3,King,4,Single,4,0,4,1,1,VP,33061,0
200937,39,Enquiry,1,19,SmallBusiness,Female,3,4,Super Deluxe,4,Married,7,1,3,1,2,AVP,32123,0
200938,58,Enquiry,1,29,Salaried,Male,2,3,Basic,3,Married,2,0,3,1,1,Executive,17372,0
200939,32,Enquiry,1,,Salaried,Male,3,3,Deluxe,3,Divorced,2,0,3,1,1,Manager,19883,1
200940,,Enquiry,1,29,SmallBusiness,Male,3,3,Basic,5,Single,1,0,3,0,2,Executive,,1
200941,30,Enquiry,1,,Large Business,Female,2,4,Deluxe,3,Divorced,1,0,4,1,1,Manager,19627,0
200942,36,Enquiry,1,16,Large Business,Female,3,3,Standard,3,Divorced,4,0,3,0,2,Senior Manager,22094,0
200943,,Enquiry,2,6,Salaried,Female,2,3,Basic,5,Single,7,0,5,1,0,Executive,18423,0
200944,28,Company Invited,1,6,Salaried,Female,2,5,Deluxe,3,Divorced,1,0,3,1,0,Manager,21674,0
200945,50,Enquiry,1,34,Salaried,Female,2,3,Super Deluxe,5,Divorced,5,1,5,0,0,AVP,31880,0
200946,40,Enquiry,3,31,SmallBusiness,Male,2,4,Standard,4,Unmarried,3,1,5,0,1,Senior Manager,24094,1
200947,52,Enquiry,3,11,Salaried,Male,3,3,Standard,4,Unmarried,1,1,4,1,1,Senior Manager,23446,1
200948,30,Enquiry,1,23,SmallBusiness,Female,3,3,Standard,5,Divorced,2,1,4,0,2,Senior Manager,26916,0
200949,39,Enquiry,1,,Salaried,Male,2,3,Deluxe,3,Single,1,0,3,0,0,Manager,19534,0
200950,31,Company Invited,3,8,Salaried,Female,2,3,Standard,3,Married,2,1,1,1,0,Senior Manager,24852,0
200951,41,Company Invited,3,16,SmallBusiness,Male,2,5,Deluxe,4,Single,2,0,1,1,0,Manager,21151,0
200952,31,Company Invited,3,6,Salaried,Female,2,3,Basic,4,Single,2,1,5,1,1,Executive,17302,1
200953,44,Enquiry,1,9,Salaried,Male,2,3,Basic,5,Divorced,5,0,5,1,1,Executive,17362,1
200954,42,Company Invited,1,8,Salaried,Male,2,3,Super Deluxe,3,Divorced,1,1,4,0,1,AVP,32861,0
200955,55,Enquiry,1,8,SmallBusiness,Female,2,5,King,3,Divorced,5,0,4,1,1,VP,34187,0
200956,56,Enquiry,2,14,Salaried,Male,2,3,King,4,Single,7,0,4,1,,VP,34717,0
200957,,Company Invited,1,22,Salaried,Male,3,3,Basic,3,Married,1,0,3,1,2,Executive,18544,0
200958,34,Enquiry,1,15,Salaried,Male,2,3,Standard,3,Married,1,0,5,1,1,Senior Manager,23500,0
200959,40,Enquiry,1,,Salaried,Male,3,3,Deluxe,3,Single,2,0,3,1,2,Manager,19661,0
200960,,Company Invited,3,6,SmallBusiness,Female,3,3,Deluxe,5,Married,1,0,3,0,1,Manager,,0
200961,35,Company Invited,1,,Salaried,Male,2,3,Deluxe,3,Single,2,1,1,1,1,Manager,,0
200962,51,Enquiry,2,11,Salaried,Male,2,3,Super Deluxe,4,Married,2,1,3,1,1,AVP,29026,0
200963,38,Enquiry,3,8,Salaried,Female,2,3,Deluxe,5,Married,4,0,4,0,1,Manager,21893,0
200964,34,Enquiry,3,21,SmallBusiness,Female,3,3,Deluxe,5,Single,2,0,1,1,2,Manager,21125,0
200965,,Enquiry,1,25,SmallBusiness,Male,3,3,Basic,3,Divorced,4,0,5,1,2,Executive,18669,0
200966,58,Enquiry,1,13,SmallBusiness,Female,2,4,Standard,5,Divorced,1,1,4,1,0,Senior Manager,25008,1
200967,40,Enquiry,1,6,Salaried,Male,2,3,Basic,4,Divorced,4,0,1,1,1,Executive,17387,0
200968,36,Company Invited,3,,SmallBusiness,Female,2,1,Deluxe,5,Divorced,3,0,1,1,0,Manager,19639,0
200969,48,Enquiry,1,10,Salaried,Male,2,3,Standard,3,Unmarried,2,0,5,1,1,Senior Manager,22898,0
200970,27,Enquiry,3,17,SmallBusiness,Female,3,1,Basic,3,Divorced,1,0,3,1,1,Executive,17534,0
200971,51,Enquiry,1,17,Large Business,Fe Male,2,4,Super Deluxe,4,Unmarried,4,0,1,0,1,AVP,28142,0
200972,18,Company Invited,1,6,Salaried,Female,3,3,Basic,3,Single,2,0,5,1,1,Executive,16611,0
200973,35,Enquiry,1,6,SmallBusiness,Female,2,4,Deluxe,3,Divorced,1,0,1,1,1,Manager,20363,0
200974,27,Company Invited,3,8,Salaried,Male,2,5,Deluxe,3,Single,4,0,4,1,1,Manager,20071,0
200975,55,Enquiry,3,19,SmallBusiness,Male,2,1,Super Deluxe,3,Single,7,1,3,1,1,AVP,28695,1
200976,56,Enquiry,1,29,Salaried,Male,3,3,Super Deluxe,4,Divorced,5,1,4,1,2,AVP,28402,0
200977,34,Company Invited,1,32,Large Business,Female,3,4,Basic,3,Married,2,0,1,1,0,Executive,17029,0
200978,40,Enquiry,1,8,SmallBusiness,Female,2,1,Deluxe,3,Married,6,0,3,1,0,Manager,21377,0
200979,34,Enquiry,1,35,SmallBusiness,Male,2,3,Deluxe,3,Divorced,5,0,3,0,0,Manager,20429,0
200980,31,Company Invited,3,8,Salaried,Female,2,4,Basic,3,Single,1,0,5,0,1,Executive,17785,1
200981,35,Company Invited,3,,SmallBusiness,Female,3,3,Deluxe,3,Divorced,1,1,5,1,2,Manager,19614,1
200982,38,Company Invited,1,13,Salaried,Male,2,1,Basic,3,Married,2,0,3,0,0,Executive,17610,0
200983,34,Enquiry,1,8,Large Business,Female,3,3,Deluxe,3,Unmarried,2,0,5,1,1,Manager,21687,0
200984,28,Enquiry,3,,Salaried,Male,2,4,Deluxe,5,Divorced,2,0,4,1,0,Manager,19724,0
200985,31,Enquiry,1,28,SmallBusiness,Male,3,3,Deluxe,3,Divorced,2,1,5,1,0,Manager,21179,1
200986,39,Enquiry,3,27,Salaried,Male,2,4,Deluxe,3,Divorced,4,1,1,0,1,Manager,21120,0
200987,51,Company Invited,3,8,SmallBusiness,Male,2,3,Standard,4,Divorced,3,0,4,0,0,Senior Manager,25596,0
200988,41,Company Invited,1,28,Salaried,Female,3,3,Deluxe,3,Married,4,1,5,0,0,Manager,20467,0
200989,37,Enquiry,1,10,Salaried,Male,2,3,Basic,3,Divorced,1,1,5,1,1,Executive,17996,0
200990,33,Company Invited,3,11,Salaried,Male,3,3,Deluxe,3,Divorced,7,0,1,1,2,Manager,24998,0
200991,,Enquiry,3,8,SmallBusiness,Male,2,3,Deluxe,4,Divorced,1,1,1,0,1,Manager,,0
200992,39,Company Invited,1,31,Salaried,Male,3,3,Standard,3,Divorced,4,0,1,0,0,Senior Manager,25920,0
200993,25,Enquiry,3,24,Salaried,Male,3,1,Deluxe,3,Divorced,3,0,1,0,0,Manager,21232,0
200994,52,Company Invited,1,34,SmallBusiness,Female,2,1,Super Deluxe,3,Divorced,3,1,4,0,0,AVP,28247,0
200995,,Enquiry,1,12,SmallBusiness,Female,3,4,Deluxe,3,Single,2,1,4,1,1,Manager,,0
200996,27,Enquiry,3,16,SmallBusiness,Female,3,4,Deluxe,3,Divorced,2,1,3,1,2,Manager,20769,0
200997,27,Enquiry,1,23,Salaried,Female,2,3,Basic,3,Single,2,1,5,1,0,Executive,17394,1
200998,,Enquiry,1,8,SmallBusiness,Male,2,4,Basic,3,Single,1,0,3,0,0,Executive,,0
200999,42,Enquiry,2,16,Salaried,Female,2,3,Super Deluxe,5,Divorced,1,0,3,0,1,AVP,31799,0
201000,52,Enquiry,1,14,Salaried,Female,2,3,Basic,5,Divorced,1,0,1,1,1,Executive,17950,0
